ds,yhat,yhat_lower,yhat_upper,y
2004-02-15 20:32:39,0.0769379152627009,0.0757162268357371,0.078077418852707,0.07787982130019484
2004-02-15 20:42:39,0.0769332791087039,0.0756515357041693,0.0781329193980432,0.07812425699632036
2004-02-15 20:52:39,0.0769277261167008,0.0757609358469253,0.0781052612602212,0.07611588924230109
2004-02-15 21:02:39,0.076921452902337,0.0756796527225665,0.0782416647667253,0.07747261014400841
2004-02-15 21:12:39,0.0769146980448807,0.0757660190854522,0.078142325927751,0.07693060276939867
2004-02-15 21:22:39,0.0769077302235077,0.0756552593841115,0.0781965392932211,0.07845043234721909
2004-02-15 21:32:39,0.0770167091514808,0.0758220872523049,0.0782112352588774,0.07711726469025151
2004-02-15 21:42:39,0.0770096711906799,0.0756405162120928,0.0782865230055572,0.07664873110418613
2004-02-15 21:52:39,0.0770026819383614,0.0757154291504229,0.0781362927672109,0.07609888010156611
2004-02-15 22:02:39,0.0769960409647323,0.0757351095467818,0.0782600445437873,0.07747151689162117
2004-02-15 22:12:39,0.0769900254662485,0.075824787631461,0.0782371357473,0.07800704598685237
2004-02-15 22:22:39,0.0769848784490996,0.0757173239986035,0.0781639634092988,0.07763841776015534
2004-02-15 22:32:39,0.0770489145933094,0.0758353867193668,0.0781979136500918,0.07918454796460732
2004-02-15 22:42:39,0.0770481905923297,0.0758153219806685,0.0783186843197989,0.07754943638572961
2004-02-15 22:52:39,0.0770485118604957,0.0757982058018156,0.0783778277893269,0.07855608008080593
2004-02-15 23:02:39,0.0770498894440144,0.0758857319931464,0.0783436122782651,0.0789837186013168
2004-02-15 23:12:39,0.0770522747969396,0.0757228512800222,0.0782527422493249,0.07907706146218765
2004-02-15 23:22:39,0.0770555606849086,0.075838866415517,0.0783121951606562,0.07821985876982884
2004-02-15 23:32:39,0.0775090147101982,0.0762791559938115,0.0787223452330509,0.07781736416215074
2004-02-15 23:42:39,0.0775167036766098,0.076202776182671,0.0786755452008949,0.07752960839410357
2004-02-15 23:52:39,0.0775230124687927,0.0762045946150599,0.0787705914767697,0.08153570742641923
2004-02-16 00:02:39,0.0775277475888915,0.0763673268020463,0.0788705805399593,0.07680317329444841
2004-02-16 00:12:39,0.0775307261280659,0.0762788295171238,0.0787441282698766,0.07831512342802477
2004-02-16 00:22:39,0.077531784021235,0.0761852777508458,0.0787384809681774,0.07714429529775457
2004-02-16 00:32:39,0.0777160796328626,0.0764793130506207,0.0790104458893049,0.07835640595270989
2004-02-16 00:42:39,0.077713591685024,0.0763712899535768,0.0789889883881553,0.07741916138236003
2004-02-16 00:52:39,0.0777081876159601,0.0764353507148066,0.0789610550252904,0.07556773318646245
2004-02-16 01:02:39,0.0776999066076294,0.0764792936027499,0.0789033392104769,0.07788294556965591
2004-02-16 01:12:39,0.0776888537820201,0.0764754081395266,0.0789693186792198,0.07903935778525421
2004-02-16 01:22:39,0.0776752017606662,0.0764252480210923,0.0789173213588044,0.07650427151306081
2004-02-16 01:32:39,0.0775873593022314,0.0762525011062464,0.078801401639138,0.07822162200772252
2004-02-16 01:42:39,0.0775688134513966,0.0763573996917102,0.0787993230505201,0.079623399735497
2004-02-16 01:52:39,0.0775488726939883,0.0762935438759362,0.0788098857413474,0.079558130432876
2004-02-16 02:02:39,0.0775279359132049,0.0763410144147578,0.0788259693190212,0.08011018036489251
2004-02-16 02:12:39,0.0775064412901913,0.0762046031893387,0.0787816903620552,0.07790263191685645
2004-02-16 02:22:39,0.0774848570244654,0.0762353462874636,0.0787296193118489,0.07848536635620042
2004-02-16 02:32:39,0.0778794367649306,0.0766391980206085,0.0791134412351742,0.07816291687428009
2004-02-16 02:42:39,0.0778611133058962,0.0766723075665066,0.0791316507272134,0.07783023534880211
2004-02-16 02:52:39,0.0778426167607045,0.0765612459020857,0.079103039608842,0.0794637930689612
2004-02-16 03:02:39,0.0778245236433061,0.076471663769772,0.0790948162573031,0.07712165452807855
2004-02-16 03:12:39,0.0778074111219025,0.0765744736156563,0.0790401816481513,0.08226507553907597
2004-02-16 03:22:39,0.0777918410356832,0.0765105936067185,0.0790162950912933,0.08432738821836386
2004-02-16 03:32:39,0.0784084137035316,0.077049558868367,0.0796940312696738,0.08428194070835622
2004-02-16 03:42:39,0.0784066983787005,0.0771046098142403,0.0797416702638424,0.08310013480088929
2004-02-16 03:52:39,0.0784054125749345,0.0770608999847666,0.0798341631623282,0.08265829256494735
2004-02-16 04:02:39,0.0784049489361479,0.0770558958134691,0.0798221188766685,0.08427011202005172
2004-02-16 04:12:39,0.0784056707113267,0.0770778168657515,0.0797927479490989,0.08598916774558638
2004-02-16 04:22:39,0.0784079001385406,0.0771021200828089,0.0797185894494586,0.08444469890527065
2004-02-16 04:32:39,0.0801058636884429,0.0785418498128913,0.0815966359641519,0.08267802190083429
2004-02-16 04:42:39,0.0801261573277549,0.0786062519000334,0.0816130709847084,0.08363665198436665
2004-02-16 04:52:39,0.0801425400771095,0.0785810224386406,0.0816168494144699,0.08381377112321124
2004-02-16 05:02:39,0.0801554399352565,0.0786489934031448,0.0816633876838136,0.08551739652636699
2004-02-16 05:12:39,0.080165330918131,0.0786466753190654,0.0817523202869273,0.08430292407136755
2004-02-16 05:22:39,0.0801727194025646,0.0787135774495761,0.0817516052990375,0.0869809523324256
2004-02-16 05:32:39,0.0816479133369109,0.0801696215805686,0.0830937893144238,0.08478567061651215
2004-02-16 05:42:39,0.0816715786717428,0.0801955014520515,0.0831226545017282,0.08516501218661986
2004-02-16 05:52:39,0.0816893939487327,0.080110463834794,0.0831978082113299,0.08699270907494971
2004-02-16 06:02:39,0.0817020751800961,0.0802242303522972,0.083160843836043,0.08694727317132661
2004-02-16 06:12:39,0.0817104111378651,0.0802405406061338,0.0832828796633805,0.08790213779758829
2004-02-16 06:22:39,0.0817152446722707,0.0802286044040711,0.0832698027170378,0.08564851144685563
2004-02-16 06:32:39,0.0833476954339048,0.0817730144389232,0.0848356409613049,0.08544845978285204
2004-02-16 06:42:39,0.0833708576670259,0.0818587539954392,0.0850077168519608,0.0866149207092925
2004-02-16 06:52:39,0.0833879563392448,0.0817565256433271,0.0848667134259975,0.08760370818620092
2004-02-16 07:02:39,0.0834001034372977,0.0818618559513019,0.0850368171527957,0.08819991475141206
2004-02-16 07:12:39,0.0834084782290217,0.0817947042976487,0.0848003547832195,0.08605566523148558
2004-02-16 07:22:39,0.0834143012250271,0.0818767622317997,0.0849743375670805,0.0891760256074566
2004-02-16 07:32:39,0.0851799365433363,0.0836586696735035,0.0866015381484466,0.08561724226723241
2004-02-16 07:42:39,0.0852284026097736,0.083760748527629,0.0867849023511146,0.08827007717089662
2004-02-16 07:52:39,0.0852739922508158,0.0838251585812173,0.0867804923877843,0.08883568068628866
2004-02-16 08:02:39,0.0853178730652465,0.083844133687947,0.0868706551264003,0.0873070835176898
2004-02-16 08:12:39,0.0853612132196556,0.0838721336666521,0.0869435399520067,0.08748096358742893
2004-02-16 08:22:39,0.0854051556921892,0.0839102587299092,0.0870180832143845,0.08891918475256833
2004-02-16 08:32:39,0.0865803750111995,0.0850850180423372,0.0881333405273125,0.08606722979923725
2004-02-16 08:42:39,0.086659548814503,0.0851254203802761,0.0881535255841817,0.08849113840520327
2004-02-16 08:52:39,0.086739973985997,0.0852195607700086,0.0882984364018242,0.08785054161469474
2004-02-16 09:02:39,0.0868225032382215,0.0852740721003608,0.088451889838471,0.08692828248176343
2004-02-16 09:12:39,0.0869079146219252,0.0853639540795234,0.0883904972168477,0.08674512682104162
2004-02-16 09:22:39,0.0869968939263776,0.0856037343059832,0.0884896026227427,0.08853544116346225
2004-02-16 09:32:39,0.0873965473026141,0.0858901995829022,0.0888745203224921,0.08813801968054792
2004-02-16 09:42:39,0.0875070967246941,0.0860898946266435,0.0890241926355894,0.0899881922795632
2004-02-16 09:52:39,0.0876221648476275,0.0861418636979239,0.0890670725132673,0.08840503032733549
2004-02-16 10:02:39,0.0877419773434518,0.0862121127753154,0.0892285117985473,0.08764860797750612
2004-02-16 10:12:39,0.0878666368137269,0.0864550286065914,0.0893164718170043,0.08952051035111507
2004-02-16 10:22:39,0.0879961190285762,0.0865006416304135,0.0895302225936046,0.0891381569035556
2004-02-16 10:32:39,0.0886136818765286,0.0871449920758342,0.0901052515593991,0.0881919035742378
2004-02-16 10:42:39,0.0887644542937656,0.0871633818050187,0.0902419553113535,0.08845361851860342
2004-02-16 10:52:39,0.0889182598330335,0.0874028221301977,0.0903382585284953,0.09015253227794971
2004-02-16 11:02:39,0.0890746630238634,0.0876430563389629,0.0905607719838472,0.09071099515937868
2004-02-16 11:12:39,0.0892331492679185,0.0877942786277609,0.0906766156477051,0.08991633180860055
2004-02-16 11:22:39,0.0893931329081149,0.0879270383590234,0.0909225080490216,0.09102980426709437
2004-02-16 11:32:39,0.0899022046624618,0.0884944103978392,0.0912764983973753,0.0901142857775411
2004-02-16 11:42:39,0.0900727575693585,0.0887142950401386,0.091539355381257,0.09209606103004021
2004-02-16 11:52:39,0.0902422808997533,0.0886650534866659,0.0917445906656623,0.08921034945304086
2004-02-16 12:02:39,0.0904101098985443,0.0888656973717617,0.0917956569445811,0.08972700211715035
2004-02-16 12:12:39,0.0905755849446123,0.0890856808485873,0.092077710298691,0.09109607884447557
2004-02-16 12:22:39,0.0907380609080737,0.0894065182481445,0.092314865913445,0.09181906107959265
2004-02-16 12:32:39,0.0911444659533415,0.0897204970201195,0.0925805252696467,0.08981666168613278
2004-02-16 12:42:39,0.0913072080065475,0.0898719606747741,0.0927712465515042,0.0912363811747579
2004-02-16 12:52:39,0.0914651673186792,0.0900173613072396,0.0929375089316214,0.09086255932852041
2004-02-16 13:02:39,0.0916179251643555,0.0901740272095905,0.0929305147117559,0.08962642271786608
2004-02-16 13:12:39,0.0917651236222938,0.0902882548647019,0.0932999239555956,0.0898262316485682
2004-02-16 13:22:39,0.0919064678510705,0.0905397460569021,0.0933126372439444,0.09140706176213796
2004-02-16 13:32:39,0.091803462983612,0.0904077356675331,0.0933476314405353,0.09195068362525276
2004-02-16 13:42:39,0.0919389854653058,0.090421780229261,0.0934300955259105,0.09040071661729326
2004-02-16 13:52:39,0.0920697342515022,0.0907153628603888,0.0934751503457342,0.0916045297067032
2004-02-16 14:02:39,0.092195655420817,0.0907349114979307,0.0935488070189325,0.09144234535781183
2004-02-16 14:12:39,0.092316735876999,0.090913770571879,0.0938081659796467,0.09038592701052975
2004-02-16 14:22:39,0.0924330007462405,0.0909756434111217,0.0939090391512359,0.09101367822210446
2004-02-16 14:32:39,0.0923732939100952,0.090853912444277,0.0936931192738423,0.091115864891915
2004-02-16 14:42:39,0.0924848042365637,0.0910173089632738,0.0939197073789906,0.093167332595089
2004-02-16 14:52:39,0.0925931677941561,0.0911788920641288,0.0941081151977275,0.09196203732731298
2004-02-16 15:02:39,0.092698554971059,0.0913487304744378,0.0941589184731502,0.09220240670893609
2004-02-16 15:12:39,0.0928011413350949,0.0912861351595614,0.0942407815951429,0.09182605308195804
2004-02-16 15:22:39,0.092901105022817,0.0912468043417495,0.0942777212054712,0.09341298303596625
2004-02-16 15:32:39,0.0930026200697418,0.091535753321336,0.0943705043865152,0.09315049069487047
2004-02-16 15:42:39,0.0931049701881407,0.0917000611165081,0.0945415231782781,0.09361079247499338
2004-02-16 15:52:39,0.0932059950047174,0.0918200324811538,0.0945775124548735,0.09453851974415398
2004-02-16 16:02:39,0.0933058923939815,0.0918942571714261,0.0947720853349148,0.09484963749584095
2004-02-16 16:12:39,0.093404848990348,0.091947460524443,0.0948122798726428,0.09591202840740218
2004-02-16 16:22:39,0.0935030399916691,0.0921784306877281,0.0949500210679953,0.09453793453149753
2004-02-16 16:32:39,0.0940987899812092,0.0926847378974051,0.0955007646908604,0.09484629882808705
2004-02-16 16:42:39,0.0942090429876401,0.0927968698637922,0.0957141077333858,0.09559831736552318
2004-02-16 16:52:39,0.0943186387766233,0.0928511873355559,0.0957711512794523,0.09627149217233592
2004-02-16 17:02:39,0.0944278211560348,0.0929811929900843,0.0959412609621398,0.09629404317563414
2004-02-16 17:12:39,0.0945368366550855,0.0930585407456065,0.0958374354672311,0.09498447139990562
2004-02-16 17:22:39,0.0946459316446453,0.0933161721339851,0.0961352433701567,0.09552253485830013
2004-02-16 17:32:39,0.0952310510459821,0.0938312268906533,0.096667858576677,0.09492519433304299
2004-02-16 17:42:39,0.0953521474772612,0.0940557381148684,0.096738805646552,0.0942842215294558
2004-02-16 17:52:39,0.0954738292700462,0.0940481772937708,0.0969728608692409,0.09331714737725669
2004-02-16 18:02:39,0.0955964163092062,0.094202908817318,0.0969844761932204,0.09845683905993385
2004-02-16 18:12:39,0.0957202146821282,0.0942038308794303,0.0971673947791817,0.09505124793176267
2004-02-16 18:22:39,0.0958455086216869,0.0944758069119666,0.0974018852289146,0.09559033162190066
2004-02-16 18:32:39,0.096062525185036,0.0945688118050622,0.0975048034052431,0.09694593283000529
2004-02-16 18:42:39,0.0962009023427544,0.0947604056387228,0.0976008484351823,0.09651249050398807
2004-02-16 18:52:39,0.096342498368339,0.0948845159474293,0.0978166874932023,0.09612156339225927
2004-02-16 19:02:39,0.0964874226699237,0.0951363582503775,0.0979416139549178,0.09615478898372211
2004-02-16 19:12:39,0.096635710221623,0.0952561034380106,0.0981101014188862,0.09568241768963785
2004-02-16 19:22:39,0.0967873174657211,0.0954518589418135,0.0982381013429382,0.09588458074604574
2004-02-16 19:32:39,0.096918809882153,0.0954128310099921,0.0983249954443882,0.0935927432650342
2004-02-16 19:42:39,0.097074847770283,0.0956621156777286,0.0985362794309689,0.09780102819136838
2004-02-16 19:52:39,0.0972343946499733,0.0957763033783427,0.0985929224289055,0.09710857780140462
2004-02-16 20:02:39,0.0973971736183832,0.0960337911218886,0.0988569112197216,0.09409122125824006
2004-02-16 20:12:39,0.0975628206239331,0.096134545720936,0.0990326458288988,0.09633935946049699
2004-02-16 20:22:39,0.0977308905639797,0.096260259468626,0.0991552243805004,0.09589439476838835
2004-02-16 20:32:39,0.0975160482547508,0.0960345475260021,0.0990519129716458,0.09742095474766443
2004-02-16 20:42:39,0.0976818340033154,0.0963131706859692,0.0991565017236636,0.09766140005146708
2004-02-16 20:52:39,0.0978497895410852,0.0964364991909521,0.0992306154783847,0.09483492253568941
2004-02-16 21:02:39,0.0980192426013486,0.096652839311116,0.0994260100973287,0.09751009668749032
2004-02-16 21:12:39,0.098189471152514,0.0967611976916544,0.099565494232574,0.0984502172949066
2004-02-16 21:22:39,0.0983597214834252,0.0968432057096164,0.0997859650600345,0.0994210667469978
2004-02-16 21:32:39,0.0984866761060428,0.0971163442033214,0.0999645392017665,0.09837858984946161
2004-02-16 21:42:39,0.0986590933079275,0.0973327135313371,0.1000317394832212,0.09805326957326573
2004-02-16 21:52:39,0.0988298248645649,0.0974626464274458,0.1002479705867856,0.09791962715162252
2004-02-16 22:02:39,0.0989981373264568,0.0976349772911313,0.1005058610371297,0.0972741836763631
2004-02-16 22:12:39,0.0991633571103886,0.0977613691324648,0.1005708496107388,0.09838601451398413
2004-02-16 22:22:39,0.0993248899481685,0.0977932795102985,0.1008065400750219,0.10379373775459755
2004-02-16 22:32:39,0.0995298481989862,0.0981817900573478,0.1010377152414025,0.10638793169964664
2004-02-16 22:42:39,0.0996870900161899,0.0982964901748796,0.1011357565586002,0.10502682661261281
2004-02-16 22:52:39,0.0998395948217899,0.0983778373661404,0.1013837290798121,0.10535595586117404
2004-02-16 23:02:39,0.0999871930107906,0.0985727420710012,0.101480515693836,0.1062785442193064
2004-02-16 23:12:39,0.1001298571593511,0.0986907928351978,0.1016328185535503,0.10429453750904828
2004-02-16 23:22:39,0.1002677055952306,0.098767964673011,0.1017132183841814,0.10585105051330503
2004-02-16 23:32:39,0.1018176008722191,0.1002126646169415,0.1033678029841467,0.10621116450450764
2004-02-16 23:42:39,0.101953060456855,0.1003701237038608,0.1035785237059529,0.10301753529734244
2004-02-16 23:52:39,0.1020802901606066,0.1004661112796819,0.1036109345312367,0.10597090315756989
2004-02-17 00:02:39,0.1022002934622339,0.1006043827096529,0.1038116758720549,0.10596124544569653
2004-02-17 00:12:39,0.1023142663652083,0.1007749722304408,0.1038701076197557,0.1046378854182274
2004-02-17 00:22:39,0.1024235676902269,0.1007900931477868,0.104060634501815,0.1056434196060496
2004-02-17 00:32:39,0.1032654194506308,0.1017919948020884,0.1048221198002657,0.10436091226970998
2004-02-17 00:42:39,0.1033681150436877,0.1017606479603422,0.1051100360695891,0.1066290819671092
2004-02-17 00:52:39,0.1034681835140772,0.1019154582665908,0.1049440770293509,0.10662272294907246
2004-02-17 01:02:39,0.1035675328592487,0.1019183498749369,0.105146717389493,0.10470497221994042
2004-02-17 01:12:39,0.1036680860394895,0.1021021156681487,0.1053038599237735,0.1042111103261357
2004-02-17 01:22:39,0.1037717317528752,0.102097484346106,0.1053403224632103,0.10612333492192894
2004-02-17 01:32:39,0.1043016493489911,0.1027198253675215,0.105966139049364,0.10685424113747145
2004-02-17 01:42:39,0.1044106962967648,0.1027284583257386,0.1060137972028124,0.10483617232839143
2004-02-17 01:52:39,0.1045260627658998,0.1028898222160763,0.1060611821483351,0.10359578030761593
2004-02-17 02:02:39,0.1046492701594491,0.1029322416546858,0.1061655220822385,0.10616001887205183
2004-02-17 02:12:39,0.1047816274713621,0.1032969959540141,0.1064101140715539,0.10632109114648526
2004-02-17 02:22:39,0.1049241990847329,0.1034168660504083,0.1064658975372132,0.10490473729265398
2004-02-17 02:32:39,0.1054376169147883,0.1038012214196113,0.1070180368358714,0.10296499395415654
2004-02-17 02:42:39,0.1056058217700481,0.1040135091581201,0.1072010096142228,0.10200409330286495
2004-02-17 02:52:39,0.1057845168405959,0.1041441366709978,0.1075061071621225,0.10488470669884015
2004-02-17 03:02:39,0.1059737105024443,0.1043882462037544,0.1075759433658969,0.10283460318913593
2004-02-17 03:12:39,0.1061731363661859,0.1045401801234111,0.1077051862991939,0.10413743257598934
2004-02-17 03:22:39,0.1063822628330923,0.1048174646800556,0.1080030380003393,0.10526976454012944
2004-02-17 03:32:39,0.1060982795754032,0.1045052748536336,0.1077040076298253,0.10531831724195503
2004-02-17 03:42:39,0.1063255293935421,0.1047147772044276,0.1077917378158873,0.10321690429618076
2004-02-17 03:52:39,0.1065609230448365,0.1048795868802887,0.1081875794949878,0.10400128132345184
2004-02-17 04:02:39,0.1068029658790414,0.1052394315160444,0.1083320333756235,0.10480217471499079
2004-02-17 04:12:39,0.1070500145504591,0.105487329018763,0.1086386653354735,0.10488583708134715
2004-02-17 04:22:39,0.1073003211729255,0.1056437165245685,0.1087873566686198,0.10447621175276273
2004-02-17 04:32:39,0.1070009367517021,0.1053602224042276,0.1086447444501098,0.105322113282382
2004-02-17 04:42:39,0.1072497536327242,0.1056576487624135,0.1088861199677993,0.10711018065679867
2004-02-17 04:52:39,0.1074982854542908,0.1057357674637584,0.1090051725537202,0.10712637927138977
2004-02-17 05:02:39,0.1077447442087007,0.1061628851075558,0.109407351980889,0.1052035918682418
2004-02-17 05:12:39,0.1079874297796004,0.1063855761991948,0.1096192461724174,0.10515856756462016
2004-02-17 05:22:39,0.1082247713903111,0.1065716218370323,0.1099601347876053,0.1057511373089705
2004-02-17 05:32:39,0.107968668670311,0.106189013201204,0.1095431514805874,0.10544027061107371
2004-02-17 05:42:39,0.1081896943660443,0.1065713265022332,0.1098557813804026,0.10669547648965562
2004-02-17 05:52:39,0.1084029032447568,0.1067466837983147,0.1101036164578084,0.10714855314941854
2004-02-17 06:02:39,0.1086074803430533,0.1067958876796218,0.1103047136096894,0.10824692015224907
2004-02-17 06:12:39,0.1088028516110467,0.1069865639737573,0.1103910717222812,0.10665342985258962
2004-02-17 06:22:39,0.1089886914464119,0.1073277844509468,0.1106947805196206,0.10575487625749878
2004-02-17 06:32:39,0.1087108569030557,0.1070602412030363,0.1103654648697068,0.1072826023429105
2004-02-17 06:42:39,0.1088746736373302,0.1071046118523317,0.1105909895846143,0.10927182216694101
2004-02-17 06:52:39,0.1090309883463143,0.1073970953180089,0.1108327770624074,0.10650334890644292
2004-02-17 07:02:39,0.1091803108143173,0.1075972845720971,0.1109033177304337,0.10978820240434356
2004-02-17 07:12:39,0.1093233135924888,0.1077355574988398,0.110921533201994,0.11276849746367924
2004-02-17 07:22:39,0.1094608073977329,0.1078916295975581,0.1110928174841839,0.12029093778164797
2004-02-17 07:32:39,0.1100848255723461,0.1083634928908294,0.1117396168675311,0.16690034023478453
2004-02-17 07:42:39,0.1102203725899432,0.1086530828720256,0.1119911481027587,0.17176579278958712
2004-02-17 07:52:39,0.1103512264608496,0.1085424470948878,0.1121100137459087,0.17375806605961458
2004-02-17 08:02:39,0.1104784499173041,0.1087954641414328,0.1122032780339686,0.17178235147458712
2004-02-17 08:12:39,0.1106031416902626,0.1089609977494543,0.1122720670719026,0.16910528478915227
2004-02-17 08:22:39,0.1107264058391649,0.1091130350502585,0.1124703506836693,0.17369563548858274
2004-02-17 08:32:39,0.1239937098860946,0.1175269440585336,0.1310621365142624,0.1686033451405332
2004-02-17 08:42:39,0.1241114353819752,0.1176122979885479,0.130471629967855,0.16686957292415253
2004-02-17 08:52:39,0.1241791760056691,0.1174587485811997,0.1305863953874077,0.172527309980467
2004-02-17 09:02:39,0.1242016384251385,0.1175157647714431,0.130779466193415,0.16982891578799664
2004-02-17 09:12:39,0.1241843996446639,0.1178932192966396,0.1307493426605029,0.16881952199723055
2004-02-17 09:22:39,0.1241337634597073,0.1179498408691231,0.131094732092236,0.16849599385827083
2004-02-17 09:32:39,0.1344236435754468,0.1261656621915211,0.1424280287891869,0.1695100125874597
2004-02-17 09:42:39,0.1343384566445975,0.1270394453343362,0.1422021865234386,0.1699393050496323
2004-02-17 09:52:39,0.1342034692413447,0.1266853731581383,0.1425840901455153,0.1650992904935414
2004-02-17 10:02:39,0.1340290738591058,0.1257550985920084,0.1414639036543412,0.1655307341446952
2004-02-17 10:12:39,0.1338262340728004,0.1256838913810731,0.1414315332286427,0.16499903759224627
2004-02-17 10:22:39,0.1336062116007142,0.1255550168718177,0.1412537611260559,0.16810077106276486
2004-02-17 10:32:39,0.1405569049253011,0.1318672798340469,0.1489272898762418,0.16410248837466293
2004-02-17 10:42:39,0.1403381991866553,0.1317676154162309,0.1490801452023868,0.1651680671461797
2004-02-17 10:52:39,0.1401093076010477,0.1313294252796019,0.1486133709327138,0.16413047859733448
2004-02-17 11:02:39,0.1398821052497679,0.1311376604736947,0.1486349586715961,0.1638330665494748
2004-02-17 11:12:39,0.1396679741845397,0.131435472721627,0.1478005926833056,0.16321133924117318
2004-02-17 11:22:39,0.1394775400220202,0.1306300715010754,0.147975089164959,0.1684827030053033
2004-02-17 11:32:39,0.1448585389450994,0.1359205407935359,0.1542950235070675,0.16697751262124427
2004-02-17 11:42:39,0.1447622923716705,0.1364575076883588,0.1536480824247754,0.16564094600758242
2004-02-17 11:52:39,0.1446952711582993,0.1358743515759749,0.153510793218095,0.16415599080108093
2004-02-17 12:02:39,0.1446643666925367,0.1368391856037669,0.1536880568773108,0.16524736720381175
2004-02-17 12:12:39,0.1446752442804162,0.1359068812834407,0.1534735210026394,0.16630989463577442
2004-02-17 12:22:39,0.1447322473092646,0.1351730376126741,0.1543023776227643,0.15754942705057065
2004-02-17 12:32:39,0.1493763179536046,0.1409456146716287,0.1585983772271453,0.16212734874413173
2004-02-17 12:42:39,0.1495536953539615,0.1409192666765307,0.1588732497248605,0.1558293952683783
2004-02-17 12:52:39,0.1497662756223505,0.1408274284121969,0.1587322259186792,0.15679358573227264
2004-02-17 13:02:39,0.1500139856258454,0.1409079023238486,0.1591376468340128,0.15418003811940031
2004-02-17 13:12:39,0.1502958048676335,0.1409305612098585,0.1585414954142728,0.15503072284433178
2004-02-17 13:22:39,0.1506098437390294,0.141933330842045,0.1599444033468403,0.15479683479169218
2004-02-17 13:32:39,0.1535098038794791,0.1463106251998507,0.1619310993469018,0.1450705055638465
2004-02-17 13:42:39,0.1539152188682042,0.1451126531435099,0.1625134374299352,0.1425164383568231
2004-02-17 13:52:39,0.1543368070529791,0.1457316567231244,0.1635532208921723,0.14809152923217367
2004-02-17 14:02:39,0.1547705782092746,0.1460785411992142,0.1630703886381961,0.14527420573957484
2004-02-17 14:12:39,0.1552124231823461,0.1470609396264813,0.164170188688757,0.1439167694371332
2004-02-17 14:22:39,0.155658248082041,0.1469748483988768,0.1639292450434006,0.13973007853852107
2004-02-17 14:32:39,0.1550648535288849,0.1462798691880814,0.1634487031473443,0.1394130441344977
2004-02-17 14:42:39,0.1555428525496426,0.1462324598128454,0.164644525136115,0.139766477545654
2004-02-17 14:52:39,0.1560194597972454,0.1469530140541926,0.1649754610155387,0.14242442566918986
2004-02-17 15:02:39,0.1564910597964755,0.1483776722789797,0.16480916551,0.13857154065142557
2004-02-17 15:12:39,0.1569544655733322,0.1485164091681954,0.1651833346979895,0.14059572753641633
2004-02-17 15:22:39,0.1574069935068031,0.1479623990279087,0.1661548364395012,0.1344805900603635
2004-02-17 15:32:39,0.1554408669822538,0.1471402240445034,0.1646351560625005,0.14053861080850616
2004-02-17 15:42:39,0.1559009205550565,0.1468097985581658,0.1646806949659472,0.13955756318823861
2004-02-17 15:52:39,0.1563555045224529,0.1483704991612685,0.1653180111327848,0.13509760963506298
2004-02-17 16:02:39,0.156803233844984,0.1481925087279995,0.1659925897291862,0.13566008666595553
2004-02-17 16:12:39,0.1572431273373483,0.1483558647892395,0.166249109408906,0.13497422190238118
2004-02-17 16:22:39,0.1576746007744763,0.1489683328387328,0.1660888177750536,0.1318940557622196
2004-02-17 16:32:39,0.1537856719836643,0.14457252994164,0.1627879779685529,0.1285193573214125
2004-02-17 16:42:39,0.1542025867647817,0.1456042386452764,0.1634712511852551,0.12588803052826222
2004-02-17 16:52:39,0.1546250386946528,0.1457101410472399,0.1629358360662351,0.12576329771092018
2004-02-17 17:02:39,0.1550526012390264,0.145819475299704,0.1636433159765041,0.12436183717772135
2004-02-17 17:12:39,0.1554848066511083,0.1470330601755543,0.16478545140265,0.12275143975812866
2004-02-17 17:22:39,0.1559211281378877,0.1467607978154564,0.1652563669835227,0.1205130188578971
2004-02-17 17:32:39,0.150844115648787,0.1412782352444407,0.1610861862251099,0.11666609483674874
2004-02-17 17:42:39,0.1513097768960732,0.1413726283043542,0.1603082669016842,0.11792605468161864
2004-02-17 17:52:39,0.1517981433043551,0.1413849895092075,0.1609155424332324,0.1128611491880387
2004-02-17 18:02:39,0.1523066016489129,0.1434406138687724,0.1624568538098924,0.11249215087288626
2004-02-17 18:12:39,0.1528320648605193,0.1432570563365165,0.1619471810304181,0.11131760950561344
2004-02-17 18:22:39,0.1533710443814897,0.1434849519304099,0.1630410212838867,0.11111957430155428
2004-02-17 18:32:39,0.1469383055482917,0.1361238943089703,0.1577226030828267,0.11086903828207524
2004-02-17 18:42:39,0.1475189201160435,0.1374212827093723,0.1589575334814303,0.11016165070743203
2004-02-17 18:52:39,0.1481273879299423,0.1377050382415965,0.159275845492145,0.1100368823811112
2004-02-17 19:02:39,0.1487573513113384,0.1391941157597927,0.1597295071969259,0.1070064497682567
2004-02-17 19:12:39,0.149402055619428,0.1396312101095518,0.1607066164067055,0.1072867514808453
2004-02-17 19:22:39,0.1500545337770291,0.1387840938010851,0.1607144707557432,0.10782039876825912
2004-02-17 19:32:39,0.1435226035164326,0.1320885761083225,0.154355563066457,0.10573928331023738
2004-02-17 19:42:39,0.1441968610515697,0.1331658614745209,0.155538741617776,0.10385514130512084
2004-02-17 19:52:39,0.1448858118683183,0.1332156987379129,0.1554515751417385,0.10679002403712301
2004-02-17 20:02:39,0.1455811598276916,0.1340387397623712,0.1570931751928816,0.10529923458941873
2004-02-17 20:12:39,0.1462747676219699,0.1361593239921978,0.1584076107330375,0.10424232526230688
2004-02-17 20:22:39,0.1469588682284449,0.1352035350079427,0.1579654874995341,0.10346601622986286
2004-02-17 20:32:39,0.1405665154980332,0.1284927837692562,0.1519549317645354,0.10303341929905892
2004-02-17 20:42:39,0.1412426475195083,0.1291370714113373,0.1526905281289102,0.09932671827228724
2004-02-17 20:52:39,0.1419175605586577,0.1298783869817945,0.1535830256386511,0.10276132224755538
2004-02-17 21:02:39,0.1425843144428953,0.1310316692579264,0.154498059292824,0.10150994680453145
2004-02-17 21:12:39,0.1432365456175971,0.1304313428171807,0.1546671046957636,0.100501135788799
2004-02-17 21:22:39,0.143868600336536,0.1313491935274244,0.1560246794707008,0.09938109371101045
2004-02-17 21:32:39,0.1381119532330158,0.1266170733190616,0.1511255820169928,0.10260289575111649
2004-02-17 21:42:39,0.1387372885380815,0.1266277659103522,0.1519291755400725,0.10001330201093173
2004-02-17 21:52:39,0.139358860118453,0.127351463954878,0.1528267937458271,0.10276512887398119
2004-02-17 22:02:39,0.1399721325635497,0.1272150584954292,0.1511367594583227,0.10078765172272948
2004-02-17 22:12:39,0.1405729929504685,0.1280000130696783,0.1530605544096946,0.10071535044628667
2004-02-17 22:22:39,0.1411577966788846,0.1286890800781381,0.1534287091938732,0.10212342845013615
2004-02-17 22:32:39,0.1357533137467343,0.1231975007820049,0.1493576503063025,0.10275646646779613
2004-02-17 22:42:39,0.1363398754643883,0.1235755978108886,0.1497679248976661,0.10324702202016778
2004-02-17 22:52:39,0.1369285697397103,0.1240729510429692,0.1496025319501075,0.1047412128347623
2004-02-17 23:02:39,0.1375154728677956,0.1236600209167929,0.1504188066269143,0.10545712973166292
2004-02-17 23:12:39,0.1380966428617534,0.1257188169969838,0.1518144680090861,0.10417791742227012
2004-02-17 23:22:39,0.1386681620230046,0.1252273315569106,0.1516136669286203,0.10513181799641909
2004-02-17 23:32:39,0.1346359117478379,0.1218927458488196,0.1478922095796926,0.10303133920436555
2004-02-17 23:42:39,0.135227275902832,0.1220133576523564,0.148039170349545,0.10615591171328746
2004-02-17 23:52:39,0.1358202348785976,0.1219970010832467,0.1497292990393782,0.10578806687670603
2004-02-18 00:02:39,0.1364093307658416,0.1216133306676124,0.1501348364433269,0.10624727787966483
2004-02-18 00:12:39,0.136988950512717,0.1233949591391476,0.1512864607399823,0.1063720856544372
2004-02-18 00:22:39,0.137553446090006,0.1241186056634096,0.1514301829495833,0.1059379726330823
2004-02-18 00:32:39,0.1329029006493297,0.1189669822939432,0.1469327773220027,0.1089151602596331
2004-02-18 00:42:39,0.1334465882791085,0.1193393435109382,0.146929395525569,0.10742892794450037
2004-02-18 00:52:39,0.1339800613408679,0.1190608211022402,0.147848958588304,0.10872731503454333
2004-02-18 01:02:39,0.1344970381291524,0.1210233082841949,0.1494735499902189,0.11020481688710511
2004-02-18 01:12:39,0.1349914601242495,0.1216563942633731,0.1484055286749432,0.10984978334579554
2004-02-18 01:22:39,0.1354576685091781,0.1209329867543516,0.1490566236346344,0.10856224200287527
2004-02-18 01:32:39,0.1309619834800932,0.1172581263661841,0.1451804689487434,0.10971603541937662
2004-02-18 01:42:39,0.1313673509238814,0.1178889072500954,0.1452789979491936,0.11021701112126434
2004-02-18 01:52:39,0.1317486992751296,0.1175159341480728,0.1463423456206119,0.10842864669627653
2004-02-18 02:02:39,0.1321021396439519,0.1184468870797052,0.1458365322593006,0.10878746227771667
2004-02-18 02:12:39,0.1324245678124231,0.117886152411241,0.1470044912984257,0.10945778675098382
2004-02-18 02:22:39,0.1327137877941494,0.1188947410490985,0.1461700894488025,0.11022766726106431
2004-02-18 02:32:39,0.1286091191673903,0.114596127646304,0.1423907632720107,0.11007500028959497
2004-02-18 02:42:39,0.1288392466219685,0.1145475768164078,0.1420178109967129,0.11049022092636723
2004-02-18 02:52:39,0.1290511057904223,0.1149833738396376,0.1438236716227637,0.1110843789426773
2004-02-18 03:02:39,0.1292455856923946,0.115382894785935,0.1434302043467393,0.11180614558308503
2004-02-18 03:12:39,0.129424399605473,0.1155126532295854,0.1436330275693186,0.11378132599861554
2004-02-18 03:22:39,0.1295900722801607,0.1154571331812333,0.1433727702837204,0.11121559003208531
2004-02-18 03:32:39,0.1244230637279957,0.1109006387158933,0.1380318675138316,0.11279983044372112
2004-02-18 03:42:39,0.1245484580605009,0.1106067670449856,0.1377592898308099,0.13761017062884923
2004-02-18 03:52:39,0.1246843682203999,0.1118167974474836,0.1375317791194631,0.1371616245371361
2004-02-18 04:02:39,0.1248351497771337,0.1122169777811869,0.1374025734744271,0.13582514762042291
2004-02-18 04:12:39,0.1250053090812239,0.1116069275603527,0.1382656177627645,0.14128131902009486
2004-02-18 04:22:39,0.1251993831723975,0.111190538142078,0.1382266233825075,0.13924586776642217
2004-02-18 04:32:39,0.1268186605079581,0.1128504031824465,0.1395473198261079,0.14149514969281152
2004-02-18 04:42:39,0.1270663600188199,0.1143104381752464,0.1408946453850546,0.14546421949160682
2004-02-18 04:52:39,0.1273432631114309,0.1138785465696859,0.1411405651548288,0.1422525412341468
2004-02-18 05:02:39,0.1276531242524836,0.1142823548943814,0.1412900087098408,0.14847733339192984
2004-02-18 05:12:39,0.1279992449190738,0.1139112123888123,0.141553283167278,0.1473447956101542
2004-02-18 05:22:39,0.1283843499401004,0.1151355909637455,0.1415873471573021,0.15021073840093344
2004-02-18 05:32:39,0.1301501890492454,0.117514743751978,0.1444482638659474,0.15235198361194277
2004-02-18 05:42:39,0.1305775244738305,0.116506604656781,0.1445537965490819,0.15797443129635075
2004-02-18 05:52:39,0.1310348109369815,0.1180486568241946,0.1446915170607136,0.15642990023391232
2004-02-18 06:02:39,0.1315226865090415,0.1185440776469109,0.145138483185788,0.1585510808433163
2004-02-18 06:12:39,0.1320410634959118,0.1189543750272278,0.1451230814985129,0.1618553968537898
2004-02-18 06:22:39,0.1325890773525246,0.1187931289562927,0.1454212500639896,0.1632523292753247
2004-02-18 06:32:39,0.1380701399724881,0.125439863637748,0.1519810345383223,0.16118176026396147
2004-02-18 06:42:39,0.1386567053158573,0.1249470048631019,0.1521998009303967,0.16386390441126664
2004-02-18 06:52:39,0.1392473537967598,0.1252611218968716,0.1527234193303385,0.16412610231110988
2004-02-18 07:02:39,0.1398395211281558,0.1256867230552171,0.1539817284447149,0.16523197096422385
2004-02-18 07:12:39,0.1404302959821116,0.1273170734838042,0.1533834788074722,0.16666071825574838
2004-02-18 07:22:39,0.1410164511167374,0.1260376823012919,0.154681654799934,0.16766270210989953
2004-02-18 07:32:39,0.1454650306013271,0.1313240997235152,0.159679293354354,0.16649571653409106
2004-02-18 07:42:39,0.1460036362700943,0.1315514197458133,0.1612312239246143,0.16422124070659627
2004-02-18 07:52:39,0.1465096492091281,0.1328908596307983,0.1606854984346123,0.1702858113058926
2004-02-18 08:02:39,0.1469806064030238,0.1328847208902421,0.1596846580375115,0.17362929332506527
2004-02-18 08:12:39,0.1474143636966266,0.1333921537823224,0.1617753035018177,0.1729902471715824
2004-02-18 08:22:39,0.1478091307047733,0.1332769545767473,0.1623241540206389,0.173269962081585
2004-02-18 08:32:39,0.1516436813461159,0.137516648757339,0.1649691745091762,0.16848099563723096
2004-02-18 08:42:39,0.1519306158452045,0.1375874981053219,0.1653598572464845,0.16292787965671224
2004-02-18 08:52:39,0.1521598591470286,0.1378637030557706,0.166363737481336,0.1610597777666991
2004-02-18 09:02:39,0.1523326636796621,0.1390229110135306,0.1658239524791117,0.16325179207172466
2004-02-18 09:12:39,0.1524510298857009,0.137571132908046,0.1663217310070029,0.16557586024648074
2004-02-18 09:22:39,0.1525176592007687,0.1384495148223493,0.1666586220702191,0.17138065390138582
2004-02-18 09:32:39,0.1539318010907185,0.1392772852917412,0.1683271939191996,0.1615902752685939
2004-02-18 09:42:39,0.1538813768283459,0.1398666899627391,0.1685948609278296,0.1604898563581118
2004-02-18 09:52:39,0.153782083112863,0.1407443225360417,0.1689935844478728,0.16264522754290253
2004-02-18 10:02:39,0.1536395140382209,0.139505309026995,0.1675588855727061,0.15967486741607162
2004-02-18 10:12:39,0.1534597119740154,0.1400508833212708,0.1673083520419565,0.16523682418516805
2004-02-18 10:22:39,0.1532490360048415,0.1382203267430993,0.1658810218511191,0.16352623022046256
2004-02-18 10:32:39,0.1538618088602517,0.139821585961694,0.167432896815357,0.16181633356038
2004-02-18 10:42:39,0.15359400597511,0.1392155020100126,0.1680089553408211,0.16014525762635598
2004-02-18 10:52:39,0.1533099072305283,0.1382920056965138,0.1664153504522058,0.1536252974550902
2004-02-18 11:02:39,0.1530162974751837,0.1395963661429733,0.1673180832645233,0.15118279809348986
2004-02-18 11:12:39,0.1527196997253085,0.1387401624363818,0.1667000283297806,0.1498197360765033
2004-02-18 11:22:39,0.1524262431537214,0.1379228814634727,0.1665185436484056,0.14933836435332992
2004-02-18 11:32:39,0.1518376953668405,0.1374965851111612,0.1661721047674734,0.14980757226014915
2004-02-18 11:42:39,0.1515512003916182,0.1362296313088872,0.1652715937076015,0.1498666361903147
2004-02-18 11:52:39,0.1512825889647129,0.1364191512318234,0.1649401712146667,0.1671795542801366
2004-02-18 12:02:39,0.1510355582172957,0.1364285738379798,0.164836401782553,0.169999363335138
2004-02-18 12:12:39,0.1508129658317082,0.1369103142224022,0.1663625891036008,0.1603702172243542
2004-02-18 12:22:39,0.1506167957159444,0.1372611724233097,0.1648036604137105,0.15943175268388557
2004-02-18 12:32:39,0.1511447103295869,0.1374778028429557,0.1647308161893823,0.15940233713235205
2004-02-18 12:42:39,0.1509902910849194,0.1370107985625183,0.1657437291807197,0.15437480272313367
2004-02-18 12:52:39,0.1508578241645874,0.1371368973895311,0.1650086192278636,0.1502221952466541
2004-02-18 13:02:39,0.1507463152262391,0.1369371320211639,0.1652681029996065,0.15379131316901584
2004-02-18 13:12:39,0.1506541477547031,0.1370319673849148,0.1635213758818972,0.15559833761354594
2004-02-18 13:22:39,0.1505791555288005,0.1356002420835564,0.1649321743859401,0.15190124998035087
2004-02-18 13:32:39,0.1502131618278532,0.136621770846557,0.1632977363864863,0.1502385267586302
2004-02-18 13:42:39,0.1501439025980171,0.1369126524942896,0.1634413928452678,0.15198138560169983
2004-02-18 13:52:39,0.1500809785749439,0.1360666373684102,0.164034586515275,0.15546666940902043
2004-02-18 14:02:39,0.1500212689763991,0.1368407424080721,0.1632445963627763,0.15592118862226503
2004-02-18 14:12:39,0.1499616197686847,0.1362767122835321,0.1639522803629018,0.15534647272536417
2004-02-18 14:22:39,0.1498989386793902,0.1353858945441543,0.1641528780280049,0.15444186230573148
2004-02-18 14:32:39,0.149857659755211,0.1377993431151566,0.1637123914415056,0.15535604245330864
2004-02-18 14:42:39,0.149769128650938,0.1356002955764032,0.1631899717155434,0.16366883864855766
2004-02-18 14:52:39,0.1496670043138551,0.1365620991324976,0.1629957097857253,0.15625014564180917
2004-02-18 15:02:39,0.1495494915401014,0.1355326843642897,0.1642053141781228,0.14539075404201704
2004-02-18 15:12:39,0.1494152702594895,0.1354758499244675,0.1639084688730163,0.13575204548158457
2004-02-18 15:22:39,0.1492635272278341,0.1352597642500775,0.1626501174476605,0.13196586453996154
2004-02-18 15:32:39,0.1481051414813115,0.1352051087375509,0.1621993719640913,0.12558158895766175
2004-02-18 15:42:39,0.1478971199056621,0.1348193607213731,0.1612324035902411,0.12250684370367251
2004-02-18 15:52:39,0.147674369510842,0.1348781988144425,0.1612165307928253,0.12193470754444934
2004-02-18 16:02:39,0.1474382991749454,0.1342656491862734,0.160949550828432,0.11888260196699059
2004-02-18 16:12:39,0.1471907108666603,0.1341265952911955,0.1609107702721344,0.12123415463479015
2004-02-18 16:22:39,0.146933747513981,0.1332486474333611,0.1608135568829818,0.1202008010776792
2004-02-18 16:32:39,0.1428066651298317,0.128886493975751,0.1553961378873547,0.12070030691776827
2004-02-18 16:42:39,0.1425614711434098,0.1286623389645751,0.156375221831202,0.12602123831897008
2004-02-18 16:52:39,0.1423298147948621,0.1284117489919199,0.1555953426164729,0.12889903236622252
2004-02-18 17:02:39,0.1421132029553336,0.1284546279733839,0.1555043810398347,0.1438699524261209
2004-02-18 17:12:39,0.1419128546639537,0.1280746697409135,0.1555335427164238,0.1530559760138251
2004-02-18 17:22:39,0.1417296758933904,0.1287106634207848,0.1558671380097705,0.16624457980771912
2004-02-18 17:32:39,0.1413753452061306,0.1279713746016577,0.1557289727766922,0.17545704925037084
2004-02-18 17:42:39,0.1412499149773513,0.1274475194388153,0.155456052481729,0.1828559075446317
2004-02-18 17:52:39,0.1411420033228657,0.1279576053585557,0.1547754154065682,0.18305012819204625
2004-02-18 18:02:39,0.1410507502221394,0.1272987916792645,0.1551454573258359,0.18434344241381265
2004-02-18 18:12:39,0.1409750434784793,0.1267845874482161,0.1556698518697405,0.17369524359729216
2004-02-18 18:22:39,0.140913564849029,0.1273226725350891,0.1547079205579583,0.16510555999039872
2004-02-18 18:32:39,0.1467852509849984,0.1315725385941496,0.1606507532156308,0.1731792927429066
2004-02-18 18:42:39,0.1467199685409307,0.1321931333676498,0.1618333632472408,0.17769604846182488
2004-02-18 18:52:39,0.1466434488552312,0.1326604273556988,0.1610036022267358,0.17654299939748827
2004-02-18 19:02:39,0.1465560903905515,0.1315399291406255,0.1598791560787224,0.1930423845291961
2004-02-18 19:12:39,0.1464587630539791,0.1313157409755713,0.1608362851670332,0.17692195771038205
2004-02-18 19:22:39,0.1463527970189101,0.1324763072371312,0.1608016847095706,0.17101707640436262
2004-02-18 19:32:39,0.1512789824271637,0.1365995799887682,0.1657517283926232,0.17515972132599086
2004-02-18 19:42:39,0.1511378944389089,0.1354962812425299,0.1668657398181988,0.16994237238583434
2004-02-18 19:52:39,0.1509763342740853,0.1361944704610484,0.1662506551963552,0.1755234885811677
2004-02-18 20:02:39,0.15079875415134,0.1357286775247074,0.1652831305509531,0.16958573380278535
2004-02-18 20:12:39,0.150610167497167,0.1354031131586787,0.1650815260307811,0.18460171228174566
2004-02-18 20:22:39,0.1504160146561046,0.1367723265543441,0.16407430039453,0.1796525240456326
2004-02-18 20:32:39,0.1538799738847243,0.1396092515401524,0.1687891548763981,0.1715728069575973
2004-02-18 20:42:39,0.1536713531097913,0.1388747158601807,0.1680712316588839,0.1692413674636317
2004-02-18 20:52:39,0.1534598884766679,0.1390369608668153,0.1675908045889883,0.1579727758818598
2004-02-18 21:02:39,0.15325247212482,0.1378435695653956,0.1678053644655723,0.1509315816875339
2004-02-18 21:12:39,0.1530559256446975,0.1375246728174405,0.1676680537698937,0.15833657388123773
2004-02-18 21:22:39,0.1528768123404454,0.1380007716696694,0.1677901513709716,0.17050958400686814
2004-02-18 21:32:39,0.1534711498612464,0.1381254188875469,0.1684559212302257,0.16767578028243935
2004-02-18 21:42:39,0.1533211479063787,0.1388345625638793,0.1675368456885297,0.1796247859395096
2004-02-18 21:52:39,0.1531997059892376,0.1373436795215088,0.1683506232259651,0.19204914911949833
2004-02-18 22:02:39,0.1531113300388307,0.1386300378712114,0.1696316677988439,0.20000106047377425
2004-02-18 22:12:39,0.1530596388998797,0.1376153956018891,0.1662397309054648,0.2244593960162581
2004-02-18 22:22:39,0.1530472739569818,0.1388006107801539,0.1681412306962181,0.26593564599528263
2004-02-18 22:32:39,0.1599681352782999,0.1441837330865728,0.1767456763280908,0.20116299671564727
2004-02-18 22:42:39,0.1600044264276268,0.1433559123114311,0.1766333909654004,0.1969140977003382
2004-02-18 22:52:39,0.1600489280509516,0.1429583409388802,0.1762616739282841,0.19560174532842534
2004-02-18 23:02:39,0.160102360113374,0.1451192600586623,0.1770437389880469,0.1664757302378943
2004-02-18 23:12:39,0.1601651342916289,0.1448346613271979,0.1744598890748223,0.16240427576440788
2004-02-18 23:22:39,0.1602373696787966,0.1444210667925659,0.1763694398777328,0.17006197774122095
2004-02-18 23:32:39,0.1635445761129931,0.1473943086344071,0.1799433450092666,0.16308564149321358
2004-02-18 23:42:39,0.1635999353395969,0.1467626832175131,0.1798282060034751,0.19798241185044504
2004-02-18 23:52:39,0.1636524630020748,0.147901444169857,0.1809575290878362,0.18848023818309423
2004-02-19 00:02:39,0.1637029369355868,0.1469584766820864,0.1804594666863638,0.21544188467915235
2004-02-19 00:12:39,0.1637522642168846,0.1463072964992564,0.1791087562796991,0.18384955910691708
2004-02-19 00:22:39,0.1638015009114382,0.1477252953525306,0.1796847745409842,0.163878478217346
2004-02-19 00:32:39,0.1680149495635237,0.150958060737912,0.1847208454229319,0.15830748074518064
2004-02-19 00:42:39,0.1680616276110018,0.1513276732239196,0.1865310122314063,0.1612064310254861
2004-02-19 00:52:39,0.1680996963034558,0.1525786436184652,0.1844484649333471,0.1829390681921958
2004-02-19 01:02:39,0.1681320564919486,0.1515511606664618,0.1838948073019793,0.21442992602128744
2004-02-19 01:12:39,0.1681620486436383,0.1521128063202991,0.1834135342196186,0.23729328957764073
2004-02-19 01:22:39,0.1681934091672762,0.1526361272377305,0.186492422372582,0.1987587469871
2004-02-19 01:32:39,0.1745062926619395,0.158745343918999,0.1915541664705188,0.23614869988514486
2004-02-19 01:42:39,0.1746044670466027,0.1591077701993316,0.1907199826147394,0.2029933232200929
2004-02-19 01:52:39,0.1747011646241136,0.158965708381332,0.1918179868037317,0.22104688789215948
2004-02-19 02:02:39,0.17480158660298,0.1586741064261171,0.1919137436823808,0.20722384953146536
2004-02-19 02:12:39,0.1749112898471691,0.1588421779808185,0.1899448345574972,0.26153429238451875
2004-02-19 02:22:39,0.1750360683644273,0.158179029083566,0.1902965334468067,0.20162752435389114
2004-02-19 02:32:39,0.1847883780555244,0.1689188559773783,0.2009336054182883,0.22290393111817242
2004-02-19 02:42:39,0.1849641417598289,0.1691851894091026,0.2011929130992277,0.2592325576038287
2004-02-19 02:52:39,0.1851462254661756,0.1690913091574471,0.2011046048772145,0.2316589741763131
2004-02-19 03:02:39,0.1853422840646314,0.1694981386253034,0.2016645291559036,0.23457654533826083
2004-02-19 03:12:39,0.1855600328415659,0.1686226159080471,0.1996711484319917,0.24750302069112806
2004-02-19 03:22:39,0.185807048993762,0.170535804461097,0.2006906210252101,0.29719436239193814
2004-02-19 03:32:39,0.1976920892526593,0.1808264415413045,0.2135424552004269,0.29165598148120725
2004-02-19 03:42:39,0.1980159031593298,0.1815554564732694,0.2139625677327706,0.34374362655176705
2004-02-19 03:52:39,0.1983515510873542,0.1817118997560493,0.216602139399743,0.3148183151614775
2004-02-19 04:02:39,0.1987069330650245,0.1823265037352117,0.2149611341868156,0.32570689154238514
2004-02-19 04:12:39,0.1990896604530537,0.1828750174161358,0.2149895243889057,0.3530979362660473
2004-02-19 04:22:39,0.1995068442296382,0.1846784345617293,0.2150859430540246,0.42968759093327463
2004-02-19 04:32:39,0.2232874648638674,0.200607955498848,0.2421952799725134,0.4155673279538448
2004-02-19 04:42:39,0.2237270714511248,0.2037011710599247,0.2448838080511166,0.37168508456749483
2004-02-19 04:52:39,0.2241327445023601,0.2042943364125642,0.2451305334407516,0.4476818936305804
2004-02-19 05:02:39,0.2245145387903663,0.2037766051354465,0.2466396113875786,0.6721468017564913
2004-02-19 05:12:39,0.2248828669177248,0.2038925060999473,0.2453593415807329,0.5309690451528165
2004-02-19 05:22:39,0.2252482084710694,0.2046076606990738,0.2468192831837199,0.4459290186041752
2004-02-19 05:32:39,0.2635249298329487,0.2310433386654445,0.2967124014373122,0.38694430220944476
2004-02-19 05:42:39,0.2637086153369349,0.2302467639749989,0.2974286539471657,0.7250189098227484
2004-02-19 05:52:39,0.2637684851494905,0.2335096538003384,0.2971425843257768,0.462021364069333
2004-02-19 06:02:39,0.2637253602178442,0.2325351502821195,0.2966831253157762,0.4838472069101441
2004-02-19 06:12:39,0.2636017003437497,0.2322990904709222,0.2950944804733496,0.002103016140812987
2004-02-19 06:22:39,0.263421011164447,0.2314577494194575,0.2969113635088675,0.001532705768247813
