datetime,bearing_1,bearing_2,bearing_3,bearing_4
2004-02-12 10:32:39,0.07418001939277966,0.09094475404601943,0.1094029218822482,0.05410474384748564
2004-02-12 10:42:39,0.07538178912409402,0.09341695366888886,0.10981474018532843,0.05610201777353091
2004-02-12 10:52:39,0.07622761795279193,0.09372015995635952,0.10986372641040704,0.05614637956518815
2004-02-12 11:02:39,0.07872550887324266,0.09294860244994327,0.1106616036702958,0.05680816349624713
2004-02-12 11:12:39,0.07847485144734685,0.09535010980392938,0.10750673459509609,0.05684149766868889
2004-02-12 11:22:39,0.07831070197146664,0.09240366114815973,0.11050952269899188,0.05556722012956321
2004-02-12 11:32:39,0.07863313071819852,0.09391974656515704,0.10739042396477608,0.05627979090230332
2004-02-12 11:42:39,0.07777286911807993,0.0932420290441643,0.10623431702503422,0.05550518777919576
2004-02-12 11:52:39,0.0790285711892363,0.09585974406269075,0.11058659100922218,0.05585455824148404
2004-02-12 12:02:39,0.07571536369604272,0.09474065669426823,0.10977303625324736,0.05546092326560258
2004-02-12 12:12:39,0.07924287367931941,0.0951446089186346,0.10602570430392634,0.05552452960064017
2004-02-12 12:22:39,0.0776391278389345,0.09332898493331716,0.10460279262903394,0.05477077135118676
2004-02-12 12:32:39,0.07740419179014106,0.09438271933913248,0.10442433724516813,0.05469114502198297
2004-02-12 12:42:39,0.07985841455545797,0.09483664357359561,0.10489663585679643,0.05625518016307807
2004-02-12 12:52:39,0.07921703904071835,0.09478123956359678,0.10366524175330528,0.05563183547411157
2004-02-12 13:02:39,0.07866180939836759,0.09463317501989808,0.10472226236095238,0.05632418693499575
2004-02-12 13:12:39,0.07845498036790653,0.09569212359791156,0.10870511888238929,0.05617502887263354
2004-02-12 13:22:39,0.07762448814783218,0.09294026609164079,0.1042178830940249,0.05483076698759214
2004-02-12 13:32:39,0.07782727773993038,0.09496844768123507,0.10523231736124616,0.05562702259561996
2004-02-12 13:42:39,0.07893448896101472,0.09547715002074103,0.1067633708458265,0.05476446956124449
2004-02-12 13:52:39,0.07903025212545685,0.09566744341456652,0.10562043691065792,0.055346324939959037
2004-02-12 14:02:39,0.07936517835135852,0.09608624273674213,0.10640108862107255,0.05524831391312881
2004-02-12 14:12:39,0.07948830599884481,0.09433669685573783,0.10653079092226206,0.054749789320473294
2004-02-12 14:22:39,0.07975488934928082,0.0962535771329797,0.1051848560770377,0.05664795943517551
2004-02-12 14:32:39,0.07938285813654046,0.09674259856681613,0.10800338394649558,0.05610482035210071
2004-02-12 14:42:39,0.07759267852655852,0.09474315048434757,0.10658607432402732,0.05549985317834151
2004-02-12 14:52:39,0.07774289367818098,0.0962431538618054,0.10562840470656538,0.055219304066414364
2004-02-12 15:02:39,0.07749551321266389,0.09513754232975166,0.10744228961600724,0.05549554447709622
2004-02-12 15:12:39,0.07828142402093564,0.09468371408626686,0.106557110938215,0.055164972829297554
2004-02-12 15:22:39,0.0788619548344361,0.09587933213361216,0.10490910940613749,0.05524429142407339
2004-02-12 15:32:39,0.07858421614609587,0.09492174309078222,0.10487564178239821,0.05443272211077132
2004-02-12 15:42:39,0.08023287526418278,0.094895444402914,0.10490264379895291,0.056810078582640554
2004-02-12 15:52:39,0.07742186274748648,0.09549269489372274,0.1042511279113328,0.05539257416231605
2004-02-12 16:02:39,0.0790136043065439,0.09626295863384832,0.10673178902655246,0.055982953377789975
2004-02-12 16:12:39,0.07823640180323711,0.09785468053627754,0.10813385484211777,0.05558616745912177
2004-02-12 16:22:39,0.07813061335856976,0.09524994118869735,0.1028758539704213,0.05562890724309205
2004-02-12 16:32:39,0.07686369614167575,0.09595649563802312,0.10628311480752013,0.05564137836604977
2004-02-12 16:42:39,0.07986476954895852,0.09652285711884223,0.10492282594492092,0.05646828378468324
2004-02-12 16:52:39,0.07743007632416773,0.0954855029494008,0.10745219139786484,0.05609148901046454
2004-02-12 17:02:39,0.07846076195501099,0.09679789997274275,0.10680428470894546,0.05663879908848357
2004-02-12 17:12:39,0.07859787160708079,0.09723507694492807,0.10718022424296997,0.0563327621964729
2004-02-12 17:22:39,0.07866279982291727,0.09512077180393325,0.10526399720175135,0.055771772869054784
2004-02-12 17:32:39,0.07763036492429513,0.09503947897375069,0.10299416127007269,0.05508123880509655
2004-02-12 17:42:39,0.07821064490099118,0.0945857362245688,0.10182078491082205,0.055517983980341065
2004-02-12 17:52:39,0.07809024292033834,0.09683578898234753,0.10702818791993403,0.0553811147811949
2004-02-12 18:02:39,0.07648351178253146,0.09472793004959691,0.10497302581723734,0.05583581436610401
2004-02-12 18:12:39,0.07890594187677004,0.09578838279270215,0.10704972414547109,0.05600521895347611
2004-02-12 18:22:39,0.07732182159601857,0.09449930041639824,0.10658568972137825,0.05572305966024531
2004-02-12 18:32:39,0.07824837190289936,0.09602551207713812,0.10460970434746807,0.05623023387051512
2004-02-12 18:42:39,0.07697023902896889,0.09471630883400721,0.10272378894528067,0.055219129416606706
2004-02-12 18:52:39,0.07847914948041389,0.09655305589248957,0.10489597971737345,0.056000886353926166
2004-02-12 19:02:39,0.07854133059946614,0.0961054983333589,0.10347409706830078,0.05623953847408138
2004-02-12 19:12:39,0.07938269758833037,0.09548834189912778,0.10423767502760833,0.055270509674770936
2004-02-12 19:22:39,0.07691234309864638,0.09581068361146741,0.10317636537119296,0.05730857456257663
2004-02-12 19:32:39,0.07662966668147306,0.09407532672280823,0.10526702587078668,0.0550822489830868
2004-02-12 19:42:39,0.07834107504534098,0.09633055516395886,0.10514030002613123,0.056422889054861945
2004-02-12 19:52:39,0.0773809505901428,0.09575653007704195,0.10446253753910616,0.055214406145747755
2004-02-12 20:02:39,0.07742523695630625,0.09500945979768413,0.103060636755173,0.05433074610353297
2004-02-12 20:12:39,0.07599595820412082,0.09407932208351537,0.10218857188472384,0.05411432819180271
2004-02-12 20:22:39,0.07812732117749131,0.09716434056582722,0.10547670000922749,0.054245148713890474
2004-02-12 20:32:39,0.07865963234488751,0.09568574989284236,0.10591102640857594,0.05593333108484021
2004-02-12 20:42:39,0.07712209299159163,0.09561633730267022,0.10459790189163103,0.05454832044743342
2004-02-12 20:52:39,0.07930226054634389,0.09522695448245341,0.1042406206219351,0.05677766985471061
2004-02-12 21:02:39,0.07694280742876682,0.09602420823326187,0.10216687389076597,0.055603053825367614
2004-02-12 21:12:39,0.07720046383784364,0.09451773446824974,0.10593585208083241,0.05515266446224487
2004-02-12 21:22:39,0.07699520241154209,0.095721496350188,0.10207812474733104,0.0557014452985734
2004-02-12 21:32:39,0.07744794754753183,0.09548543595704272,0.10481285935004077,0.055321955194120434
2004-02-12 21:42:39,0.07664234231276668,0.09583547161163611,0.10463742108865709,0.0550410759789816
2004-02-12 21:52:39,0.07695752603557576,0.09564838348015427,0.10402582109113422,0.05443374163270523
2004-02-12 22:02:39,0.07732656229390535,0.09598848573664298,0.10383821512646854,0.05588927635499398
2004-02-12 22:12:39,0.07577477318206591,0.09416232751500692,0.10348366413879684,0.05540879952849245
2004-02-12 22:22:39,0.07668891482931657,0.09648388439651448,0.10606552226998857,0.05579686024993346
2004-02-12 22:32:39,0.07740153901636387,0.0959002495011755,0.10387434704780847,0.05682026751029397
2004-02-12 22:42:39,0.07795638873659347,0.0979042484140139,0.10423190703364159,0.05570631486024114
2004-02-12 22:52:39,0.07882090394790606,0.09693807170350259,0.10619274236124653,0.05641411326431665
2004-02-12 23:02:39,0.07756203756587825,0.0948957624076862,0.10220263753971634,0.056213818221596434
2004-02-12 23:12:39,0.07689102069760292,0.09670437083524137,0.10419000108452259,0.05564665333024757
2004-02-12 23:22:39,0.0782481846891595,0.09559954299437708,0.10377343107143594,0.055195800522610056
2004-02-12 23:32:39,0.0767271571439398,0.09450028167927885,0.0995395105761081,0.05522508178966033
2004-02-12 23:42:39,0.07738400602764237,0.09595675287740267,0.10574325911140957,0.05620402413285853
2004-02-12 23:52:39,0.07698478018222858,0.09424325624273626,0.10561309315411051,0.05455725807724072
2004-02-13 00:02:39,0.07482445037515528,0.09448441590479277,0.10245242786574221,0.055755970605986804
2004-02-13 00:12:39,0.0773369662449093,0.09547998717314485,0.10344948755038674,0.055536451772350615
2004-02-13 00:22:39,0.07679492318864732,0.09368301787035384,0.10128525300213824,0.056092661195316806
2004-02-13 00:32:39,0.07772353723075244,0.09635583554363995,0.10105847163012875,0.054887011776209076
2004-02-13 00:42:39,0.0773601995135283,0.09492145166623543,0.10194044002823655,0.05616249018668824
2004-02-13 00:52:39,0.07689363170768529,0.09394857260047675,0.10363194374630498,0.05495204840057433
2004-02-13 01:02:39,0.07492271650122091,0.09389532130961789,0.10175154842226614,0.055833143902217476
2004-02-13 01:12:39,0.07763214595419506,0.09586237301611937,0.10566401851542896,0.05661608795305531
2004-02-13 01:22:39,0.07778227860749706,0.09531013368517213,0.10530340947599165,0.055396259298042615
2004-02-13 01:32:39,0.07859100347643508,0.09547276767563195,0.10338422823330128,0.05485127915858682
2004-02-13 01:42:39,0.07599053271659531,0.09467728513081952,0.10455505492199861,0.055612900191487395
2004-02-13 01:52:39,0.07671275270806216,0.09501029419863632,0.10487388085361153,0.05500435772836355
2004-02-13 02:02:39,0.07503983902104751,0.0944788695934106,0.1029112846410462,0.05551561443825776
2004-02-13 02:12:39,0.07824792570941494,0.09567335005954965,0.10565782972074654,0.055316218044167254
2004-02-13 02:22:39,0.07745215440820118,0.0956342703619358,0.1020865239968395,0.05538126996329314
2004-02-13 02:32:39,0.07831733842716675,0.0956247230101323,0.10310816773005624,0.056059909148524774
2004-02-13 02:42:39,0.07656158184264994,0.0962049124268491,0.10198788452685717,0.056019820807085056
2004-02-13 02:52:39,0.0776804254523742,0.0949050419660411,0.10168524239016999,0.05640098662739456
2004-02-13 03:02:39,0.07571710593297785,0.09529333870416729,0.10336388408828058,0.05587367992887459
2004-02-13 03:12:39,0.07794810094379602,0.09486401353268167,0.10258688678054129,0.05536686835844895
2004-02-13 03:22:39,0.07659419008376331,0.09515443203465106,0.10230546789000937,0.055781467336804044
2004-02-13 03:32:39,0.07640155219363405,0.09551806002023448,0.10417868823318313,0.05527789332547323
2004-02-13 03:42:39,0.07663364096457077,0.09610713742667189,0.10123441754303968,0.0555566928498807
2004-02-13 03:52:39,0.07728287965941492,0.09580793677998169,0.1016759181596626,0.0558640578425925
2004-02-13 04:02:39,0.0776415250144077,0.09660130738507451,0.10271606908932489,0.0561738962199878
2004-02-13 04:12:39,0.07682227220610932,0.0946468451360325,0.10257891122914538,0.05530595598151796
2004-02-13 04:22:39,0.07606356904886873,0.09551318211336121,0.10470531056564393,0.05497412839431333
2004-02-13 04:32:39,0.07604206451666001,0.09500882840287188,0.10239388550331809,0.055162401786258544
2004-02-13 04:42:39,0.07736151115619194,0.0945879999826105,0.10368085697717333,0.056873180155732166
2004-02-13 04:52:39,0.07650420545191429,0.095529264996264,0.10322744530469806,0.05558874745130695
2004-02-13 05:02:39,0.07627546192005474,0.09331858297056109,0.10315988850241296,0.054775083130201366
2004-02-13 05:12:39,0.07797754537615191,0.0965221751688771,0.10516866114706243,0.05662541969963606
2004-02-13 05:22:39,0.07606591573303705,0.09494745129156106,0.10219575654064678,0.055359267238317744
2004-02-13 05:32:39,0.07680530728605965,0.09611728510889313,0.10160710102478794,0.054742271552621125
2004-02-13 05:42:39,0.07551259697797803,0.0940740539850684,0.10373434577272643,0.055647562423452174
2004-02-13 05:52:39,0.07895017438642123,0.09537841190281332,0.10380656585874949,0.056143385977799325
2004-02-13 06:02:39,0.07721703681792114,0.09531098312919797,0.10448824970251575,0.055246343805116595
2004-02-13 06:12:39,0.07776007603690313,0.09702860668463832,0.1028845229362403,0.05650342332551433
2004-02-13 06:22:39,0.07727519798388376,0.09528599488555245,0.1040273851454442,0.05557934707672989
2004-02-13 06:32:39,0.07669188259330896,0.09601454886337547,0.10139235397119871,0.05568908890244367
2004-02-13 06:42:39,0.07812595145179736,0.0959736383328609,0.10447631457719284,0.05460110554373366
2004-02-13 06:52:39,0.07781810617908472,0.09466113461584129,0.10552021071287969,0.05572091748651751
2004-02-13 07:02:39,0.07918283114465824,0.0961817216536137,0.1023204566707631,0.055698280512712604
2004-02-13 07:12:39,0.07638806696242918,0.09382553967917806,0.10248867004061522,0.05455702715841333
2004-02-13 07:22:39,0.07713677295734259,0.09697496282652628,0.10336839861069619,0.05498942051852594
2004-02-13 07:32:39,0.0761860901224168,0.09470941033434611,0.10166089318890245,0.05401711238208761
2004-02-13 07:42:39,0.0763504296313251,0.09470043697017566,0.10228883975591223,0.055475211551065946
2004-02-13 07:52:39,0.07635389179873017,0.09508955226700593,0.10461162165982617,0.05575889610500145
2004-02-13 08:02:39,0.07497030126380408,0.09423613968098445,0.10142927268924781,0.055087123640430655
2004-02-13 08:12:39,0.07599660459748986,0.09625482942231424,0.10459635803957351,0.05510808622197937
2004-02-13 08:22:39,0.0763727651573275,0.09520481749000226,0.10565986411642873,0.055337828450174
2004-02-13 08:32:39,0.07616043100291219,0.0942598645580793,0.10217694711577995,0.054876033224105704
2004-02-13 08:42:39,0.07675101845531102,0.09500507027058266,0.10593825656860488,0.054822804289007245
2004-02-13 08:52:39,0.07775631946698398,0.09592390666011925,0.10356625011319238,0.05550805128104701
2004-02-13 09:02:39,0.07829099099799944,0.09506946658487461,0.10464735635854398,0.054893480521993596
2004-02-13 09:12:39,0.07771229403744795,0.09656765897241382,0.10467916425009063,0.055978681424817336
2004-02-13 09:22:39,0.07647470424700897,0.09609526937335497,0.10254871442403012,0.055534624657649086
2004-02-13 09:32:39,0.07780594248369269,0.096660309286578,0.1035162187736644,0.05620689286386825
2004-02-13 09:42:39,0.07521427340066277,0.09516809218332242,0.10022809695640875,0.053681292696848584
2004-02-13 09:52:39,0.07678281426487266,0.0951150870224401,0.10037591072211509,0.05532752406078879
2004-02-13 10:02:39,0.07740844203184688,0.09544479694120524,0.10389316548016192,0.05526224363930026
2004-02-13 10:12:39,0.07658399861071026,0.09499699019393135,0.10404331185959262,0.05576551064369767
2004-02-13 10:22:39,0.07677646779534243,0.09611448658232163,0.10445070676663908,0.05497499442662613
2004-02-13 10:32:39,0.07591271899568428,0.09461338237077822,0.10321683002159772,0.05557148197472849
2004-02-13 10:42:39,0.07588224716838603,0.09652983215829691,0.10802878265412814,0.05481730663124537
2004-02-13 10:52:39,0.0760588064472845,0.09558931863856647,0.10296418915929614,0.055170182265261235
2004-02-13 11:02:39,0.07562656777098914,0.09549292909326973,0.10203285955479055,0.05675859720223009
2004-02-13 11:12:39,0.07621279618450488,0.09413753907708543,0.10170996119774318,0.0550517674952472
2004-02-13 11:22:39,0.0768030455010239,0.095800816923803,0.10260198174757017,0.054918633908789906
2004-02-13 11:32:39,0.07515974751076011,0.09452413398110818,0.1009515804376114,0.055099099246983564
2004-02-13 11:42:39,0.07893775644795575,0.09493294258101109,0.1043762463437958,0.055994355431833634
2004-02-13 11:52:39,0.07692340295618409,0.09592801235241345,0.10291600643290191,0.05503376836038294
2004-02-13 12:02:39,0.07648819750546265,0.09518206459813443,0.10465525359757132,0.0564247726491145
2004-02-13 12:12:39,0.07650888288691449,0.09510549807683004,0.10170211829296863,0.05510289528511309
2004-02-13 12:22:39,0.07740037694033143,0.09452597639221363,0.10077277535886557,0.05472977756372999
2004-02-13 12:32:39,0.07848197146299905,0.09692515976786176,0.10538033192285053,0.056155488934280226
2004-02-13 12:42:39,0.07904767293485555,0.09576602502658431,0.10061102207306333,0.055344340233651534
2004-02-13 12:52:39,0.07668366890933398,0.09409099498710438,0.10269691347792737,0.054693070846613595
2004-02-13 13:02:39,0.07731311714022142,0.09481158748250937,0.1034042805525197,0.05505837563686261
2004-02-13 13:12:39,0.07651384179818797,0.0944308995239478,0.10120202274020863,0.05584633930658251
2004-02-13 13:22:39,0.07852930721958125,0.09606743820481947,0.10232516253892776,0.05557318310659902
2004-02-13 13:32:39,0.07695520590578518,0.09450665989800267,0.10002499638759992,0.055507581518522225
2004-02-13 13:42:39,0.077364164040147,0.09587070333219797,0.10394679494108869,0.055141832225760176
2004-02-13 13:52:39,0.07616969766851057,0.0948887241159566,0.0993367860382228,0.05465487158558215
2004-02-13 14:02:39,0.07762407674109091,0.09508901152755311,0.10152989219790233,0.05391614761987936
2004-02-13 14:12:39,0.07725526926830471,0.09589143187667544,0.10304590775207356,0.055185763823079326
2004-02-13 14:22:39,0.07768192561003355,0.09574546568342482,0.10352898787601386,0.05521301676749214
2004-02-13 14:32:39,0.07781901039480725,0.09560540327005945,0.10103161909054885,0.05573718218745131
2004-02-13 14:42:39,0.07728280194290561,0.09652980737118985,0.10227447179734171,0.05665971588759576
2004-02-13 14:52:39,0.07638810499735667,0.09395649233697732,0.0997199692596931,0.05431582637298054
2004-02-13 15:02:39,0.07818559555888897,0.09490168569499523,0.10169519502439515,0.05489840574077278
2004-02-13 15:12:39,0.07616286478183444,0.09485132531884984,0.09985438590122345,0.054856631878361845
2004-02-13 15:22:39,0.07534440933842133,0.09467958770167938,0.09976748837133792,0.05431738433618659
2004-02-13 15:32:39,0.07689251021938537,0.0948006899190183,0.09951339123411593,0.055511497404228775
2004-02-13 15:42:39,0.07548491382680553,0.09548365629552463,0.10093012789707806,0.055360555480243975
2004-02-13 15:52:39,0.07826251335805062,0.09535670155921339,0.10040514393865786,0.05556622579845423
2004-02-13 16:02:39,0.07546824031119816,0.09471702105659865,0.10021023776305149,0.055275608015175066
2004-02-13 16:12:39,0.07556167983408421,0.09443340795768827,0.10005676766566712,0.05591972047013303
2004-02-13 16:22:39,0.07667660957667996,0.09432462519775793,0.0979736808074689,0.05522006765541589
2004-02-13 16:32:39,0.07674560371662105,0.0947909293092477,0.10006734682249281,0.05487981488436557
2004-02-13 16:42:39,0.0761212576839116,0.09478761716485792,0.10237510222578751,0.05516777919688829
2004-02-13 16:52:39,0.07516364977028069,0.09386845570746068,0.09955796339615437,0.054321458383049095
2004-02-13 17:02:39,0.07809325122261151,0.09516022966568145,0.10187006063305289,0.055818821267172636
2004-02-13 17:12:39,0.07635662221792629,0.09506494293977008,0.10281625044958559,0.05488766255504799
2004-02-13 17:22:39,0.07785968923376536,0.09546846901262399,0.100962978963809,0.05552588963841679
2004-02-13 17:32:39,0.07661144714521,0.095388329193645,0.10510204756503963,0.05551326018836402
2004-02-13 17:42:39,0.0790009725864992,0.09594035789520793,0.10204394373719856,0.057578503765755115
2004-02-13 17:52:39,0.07539167904226543,0.0945140335310252,0.09965530979604567,0.05471197639772978
2004-02-13 18:02:39,0.07723118660479104,0.09503429158971112,0.10023576168368747,0.05597626552272096
2004-02-13 18:12:39,0.07531042290308626,0.0945545592555425,0.09933884960759226,0.05378574297860996
2004-02-13 18:22:39,0.07813411882423525,0.09418908467056002,0.10228372594787206,0.056517294696702504
2004-02-13 18:32:39,0.07743972735376614,0.09500053662008322,0.09962740023645772,0.0560146319816945
2004-02-13 18:42:39,0.07761018230541894,0.09483818849066827,0.09903333206258061,0.05570954843476965
2004-02-13 18:52:39,0.07773925625125452,0.09501908181764637,0.1039510671261163,0.056232970576281564
2004-02-13 19:02:39,0.07657529127052501,0.09577471806760433,0.10120506633768428,0.05586755629940749
2004-02-13 19:12:39,0.07618236874938361,0.09526946294512435,0.10418918536484462,0.054304032769203654
2004-02-13 19:22:39,0.0752750069817815,0.09303880743249889,0.10086012920072117,0.05412204821812757
2004-02-13 19:32:39,0.07653745316764572,0.09568837979929938,0.10103122349310695,0.05562231815966412
2004-02-13 19:42:39,0.07660604166392508,0.0941883223151897,0.10043052934819083,0.05560308017131135
2004-02-13 19:52:39,0.07864318889595368,0.09552641320547768,0.10401770964654838,0.05545858958667518
2004-02-13 20:02:39,0.07702872600600963,0.0942307723047162,0.09987301180614877,0.055567596678944176
2004-02-13 20:12:39,0.07654787601959642,0.09572227837792313,0.10174513604408197,0.0547114350930217
2004-02-13 20:22:39,0.07741209500301977,0.09524015330265721,0.10279061671339935,0.0558568211760926
2004-02-13 20:32:39,0.07589068689400623,0.09353157110149905,0.10045400115459105,0.0558195254796792
2004-02-13 20:42:39,0.07564540408728937,0.09432936552656836,0.10020618082591984,0.0548820659607425
2004-02-13 20:52:39,0.0758953654668109,0.09384602558131251,0.10110168935004714,0.055271247819186936
2004-02-13 21:02:39,0.07721778049321355,0.09548540322793538,0.09945373994468076,0.0559620532492965
2004-02-13 21:12:39,0.07669609877282578,0.09519516217902273,0.10009130920918305,0.05650570521126067
2004-02-13 21:22:39,0.07669402318336427,0.09290140566940115,0.09772425907650385,0.05461723657760007
2004-02-13 21:32:39,0.07644535262579998,0.0931732195444363,0.10003693321582452,0.054509867461465224
2004-02-13 21:42:39,0.0780611174874023,0.09524088775585189,0.10247585850933776,0.05640782020069455
2004-02-13 21:52:39,0.0773399094569193,0.09505080561072958,0.10329091719450426,0.05579982867290645
2004-02-13 22:02:39,0.07694946413247421,0.09378830838326473,0.10281903706288346,0.05415210666973462
2004-02-13 22:12:39,0.07891731046921184,0.09599847123683213,0.10389249924318136,0.0562669332011599
2004-02-13 22:22:39,0.07747883845742304,0.0939939882006423,0.10120248811547182,0.05623816964644066
2004-02-13 22:32:39,0.0768843084420584,0.0949675203600494,0.0996004442683978,0.05651113711990609
2004-02-13 22:42:39,0.07742767386352276,0.0952116044480076,0.10295768702076712,0.05545239370113654
2004-02-13 22:52:39,0.07763735105741879,0.09421666555013698,0.0991960165515364,0.055645808720211076
2004-02-13 23:02:39,0.07845326345416602,0.0954464399624692,0.10119275001162473,0.055868358225851206
2004-02-13 23:12:39,0.0774642759505151,0.09419740589272158,0.09851956799833414,0.05527832617221265
2004-02-13 23:22:39,0.07702514075429022,0.09447059487253891,0.10045363925382816,0.055329432147993164
2004-02-13 23:32:39,0.07602627879962667,0.09413022517745268,0.10169875586831789,0.05479836479510985
2004-02-13 23:42:39,0.07739763697104485,0.09381109116843543,0.10079803742072008,0.0544458416711237
2004-02-13 23:52:39,0.07756370495649682,0.09361935625926937,0.10148832360482175,0.05509152810167382
2004-02-14 00:02:39,0.07700511308213928,0.09374030841713768,0.10069017069279686,0.05534305602589736
2004-02-14 00:12:39,0.07633792109546628,0.09396832574060629,0.10127987180209151,0.0546895151160266
2004-02-14 00:22:39,0.0764230507738631,0.0943809791590093,0.10155848168137527,0.056163785218386726
2004-02-14 00:32:39,0.07821794535111465,0.09503923749127663,0.09999097180790094,0.05540406334263497
2004-02-14 00:42:39,0.07762209359161601,0.09530096120553992,0.10255393453090088,0.055959862632871823
2004-02-14 00:52:39,0.0771726110424682,0.09463971996755483,0.09904021756610862,0.05605527893603292
2004-02-14 01:02:39,0.07785484865977801,0.09409812174762966,0.10203605471948787,0.057040692557607325
2004-02-14 01:12:39,0.07614699701595996,0.09427345776053377,0.09697696940183936,0.05494369046159066
2004-02-14 01:22:39,0.07811661305145456,0.0952185591291801,0.10111283238682058,0.05743917054932247
2004-02-14 01:32:39,0.07646740212070285,0.09459846470677764,0.10008784095496845,0.0545348902143921
2004-02-14 01:42:39,0.07784922686916806,0.09450306109371381,0.098689284037961,0.055428642337041215
2004-02-14 01:52:39,0.07809731734267143,0.0942786939991998,0.10406997264817988,0.05518218940067572
2004-02-14 02:02:39,0.07853520302492221,0.09492139765099564,0.09946427597104125,0.05556424982562494
2004-02-14 02:12:39,0.0774024414743412,0.09460223331389321,0.10125965702358773,0.05634372036831235
2004-02-14 02:22:39,0.07708433040409302,0.09381069635350697,0.1007109635472839,0.05514040825289536
2004-02-14 02:32:39,0.07785508699516068,0.09413755801016377,0.09943085018962915,0.05493054757498327
2004-02-14 02:42:39,0.07618756073893083,0.09280415908752605,0.10047874488051053,0.05507941742376484
2004-02-14 02:52:39,0.07690010439498628,0.09459731308629751,0.1039078096294861,0.056736145313790946
2004-02-14 03:02:39,0.07566453257839602,0.09305254358674266,0.09844279127226432,0.055104970655175084
2004-02-14 03:12:39,0.07709273069132781,0.09590081672625364,0.09897186346286867,0.05531639680118467
2004-02-14 03:22:39,0.07812329880954612,0.09459217295080072,0.10239208976234976,0.05617258533945111
2004-02-14 03:32:39,0.0761670778693772,0.09519454176205952,0.10422475451205755,0.056151879713775776
2004-02-14 03:42:39,0.07731521558316944,0.09502301411543866,0.0994338392260011,0.05617315298577293
2004-02-14 03:52:39,0.0758758427489727,0.09412192239954337,0.10432741130895401,0.05629481726154047
2004-02-14 04:02:39,0.07620208463692353,0.09550632046566006,0.10104683138001117,0.05593995904119086
2004-02-14 04:12:39,0.07576018412276571,0.09420105188209141,0.09833825637377552,0.05528539478653387
2004-02-14 04:22:39,0.07609411906832914,0.0957560405291364,0.09928572337431299,0.05583378234142208
2004-02-14 04:32:39,0.0786199916128537,0.09450083818877035,0.1003294894117755,0.05530344402866489
2004-02-14 04:42:39,0.0765481751979056,0.09408938875776972,0.10029606935665672,0.05546301253150798
2004-02-14 04:52:39,0.07655065724833865,0.09394684854782653,0.10169935053054781,0.05578908533119944
2004-02-14 05:02:39,0.07695345140593356,0.09543505104119275,0.10074068168100876,0.056030866326933576
2004-02-14 05:12:39,0.07666295775823477,0.0949108959901112,0.10025101899683188,0.055350591883701075
2004-02-14 05:22:39,0.07718113584838107,0.09515519229467223,0.10025459850165942,0.05626979655547623
2004-02-14 05:32:39,0.07548544556931173,0.09340889513591613,0.09896433595989206,0.054866486709430194
2004-02-14 05:42:39,0.07849045484349157,0.09571407799178229,0.1021518226601799,0.055077048518413246
2004-02-14 05:52:39,0.07744855250469519,0.09472715218459984,0.10029641113434937,0.055771773744596305
2004-02-14 06:02:39,0.07743984463811308,0.0949442086387636,0.09945166820278158,0.055234911991511745
2004-02-14 06:12:39,0.07724861426384255,0.09369319331393972,0.10091089698989719,0.05575529142687487
2004-02-14 06:22:39,0.07564706627921655,0.09315024274275223,0.10089087472107117,0.05446039986158393
2004-02-14 06:32:39,0.07615091633522424,0.09453400065142842,0.10165385326723594,0.05499405034650841
2004-02-14 06:42:39,0.0785872900433356,0.09375208863666322,0.10132705887374457,0.05565588221787889
2004-02-14 06:52:39,0.07790261781352618,0.09488503636240415,0.09889414100715736,0.05503966669953575
2004-02-14 07:02:39,0.07770541015980792,0.09507965927829841,0.10142641852555521,0.056317817059831396
2004-02-14 07:12:39,0.0778607936552941,0.09424892340740838,0.10268747592002678,0.05538243910535015
2004-02-14 07:22:39,0.07571518150533797,0.0944458167696627,0.10088019944165004,0.0551490843528361
2004-02-14 07:32:39,0.07639337089406666,0.0938944125132402,0.09988139384572396,0.056142184410253794
2004-02-14 07:42:39,0.07735890994133716,0.0942806507483004,0.09997273714017116,0.05444078940242572
2004-02-14 07:52:39,0.07842374203399764,0.0940434330154165,0.099017394217557,0.056632080904100913
2004-02-14 08:02:39,0.07628145542924854,0.09452863081651752,0.10008605775033846,0.05522718086171753
2004-02-14 08:12:39,0.07822495859802969,0.09444061926893023,0.10167346810217494,0.05559692102818124
2004-02-14 08:22:39,0.07826038634396454,0.0943631621317277,0.10031702664675719,0.05636167631085941
2004-02-14 08:32:39,0.07883248518687166,0.09436971623333604,0.10098911456106273,0.05577312031135659
2004-02-14 08:42:39,0.0769739990713347,0.09407869301036936,0.09826226900214069,0.0552418257259529
2004-02-14 08:52:39,0.07868738666121329,0.09373784186344888,0.09889990826624336,0.055662434430842726
2004-02-14 09:02:39,0.07629213343141486,0.09352658097406834,0.09683077271637969,0.05520361079191288
2004-02-14 09:12:39,0.07758288193609635,0.09465556693287834,0.09908585268076871,0.05532129098804332
2004-02-14 09:22:39,0.07689825434027796,0.09291841595210437,0.10011080901064588,0.055229467291718286
2004-02-14 09:32:39,0.07680066507120042,0.09183835506533655,0.09979505122322102,0.05476500811266013
2004-02-14 09:42:39,0.07762915815346097,0.09342567189876241,0.10223625324278707,0.05499683125257815
2004-02-14 09:52:39,0.07806560093109456,0.09442717682547246,0.0997878253515107,0.05589850755286731
2004-02-14 10:02:39,0.07614689697833833,0.09296645605414568,0.09869078645754274,0.05512395684006983
2004-02-14 10:12:39,0.07775124667922594,0.0950899641101867,0.1000465239205332,0.05482953309217893
2004-02-14 10:22:39,0.07605633210075168,0.09306936674712357,0.09876005500343135,0.054863529199927236
2004-02-14 10:32:39,0.07691772737167081,0.09523332966691633,0.10107240105678711,0.05577623007342053
2004-02-14 10:42:39,0.07626032545266548,0.09359584309581757,0.09769681924030449,0.05508135094950847
2004-02-14 10:52:39,0.07750326440831412,0.09587822645583412,0.09897132740655745,0.05607088232687494
2004-02-14 11:02:39,0.07689589971854881,0.09293628586369534,0.10172481259234875,0.055748334947830484
2004-02-14 11:12:39,0.0776549290280013,0.09457430922728935,0.10334982788176285,0.05678657863837867
2004-02-14 11:22:39,0.07698996213941178,0.09405460833520927,0.10413269395389528,0.056985074328506004
2004-02-14 11:32:39,0.07813857214499273,0.0944719007754947,0.10019872436548899,0.05629587462054303
2004-02-14 11:42:39,0.07653710577860214,0.09333775375583901,0.10055526076153362,0.05604303409862783
2004-02-14 11:52:39,0.07844942492527919,0.09388901259918685,0.10044785012267625,0.05609840206628248
2004-02-14 12:02:39,0.07781435868588908,0.09550546023252098,0.10497213826536464,0.05546980540338824
2004-02-14 12:12:39,0.07729942423056153,0.09436538336392793,0.10160462023197253,0.05668163507067193
2004-02-14 12:22:39,0.07812388759889756,0.09393096311302102,0.1013676995797578,0.055186635382491266
2004-02-14 12:32:39,0.07923462461930086,0.09505394060013898,0.10019777015581144,0.05605172337358636
2004-02-14 12:42:39,0.07538201228257531,0.09453308869721766,0.10212375813532718,0.05520113619995047
2004-02-14 12:52:39,0.0769535116877855,0.09330958758200349,0.09932330124312674,0.05608916154372267
2004-02-14 13:02:39,0.07620635034177767,0.09366186366035849,0.1001269912446306,0.0547536720036266
2004-02-14 13:12:39,0.07855083670445608,0.09368507097744719,0.10070192296540552,0.055638183834181475
2004-02-14 13:22:39,0.07703949914135347,0.09328261793563948,0.09793105671706259,0.05561115329780379
2004-02-14 13:32:39,0.07783707086008676,0.09359634994216678,0.0982939721756282,0.05562066637724151
2004-02-14 13:42:39,0.07702436383794355,0.0952099925059467,0.09943411865321564,0.055432497731705846
2004-02-14 13:52:39,0.07605566888002194,0.09236848308178347,0.09928324285907072,0.05507672713025341
2004-02-14 14:02:39,0.07764417839349144,0.09350134171959631,0.09780294192903122,0.056793835260697645
2004-02-14 14:12:39,0.07824585758498939,0.09581386712605575,0.10195218731573225,0.0557523359599262
2004-02-14 14:22:39,0.07848300584306435,0.09553014162751618,0.10159418769586691,0.055834281280951414
2004-02-14 14:32:39,0.07779197884270786,0.09302405484089711,0.0961329509838175,0.054994307843718594
2004-02-14 14:42:39,0.0765350013137457,0.09395407953351273,0.09746988276284808,0.05597604002157385
2004-02-14 14:52:39,0.07772083755508076,0.09406284567496233,0.10009319501282703,0.055646418595757384
2004-02-14 15:02:39,0.07693628628972254,0.09297501983960989,0.10049007434443688,0.05422298125226572
2004-02-14 15:12:39,0.07840873225236168,0.09402627181794622,0.0990229767740609,0.05512982825810096
2004-02-14 15:22:39,0.07637467141731778,0.09303678782536522,0.09999581318448714,0.05508181060623443
2004-02-14 15:32:39,0.07685577561017051,0.09325136791515759,0.09894855207536296,0.055110745302218135
2004-02-14 15:42:39,0.07689389429615556,0.09353646464493223,0.09737763014009988,0.054579954061189054
2004-02-14 15:52:39,0.0781812195541315,0.09376702664531354,0.1006162854429302,0.05516918033566452
2004-02-14 16:02:39,0.07825915559439314,0.09275218472825424,0.10017102519583215,0.05576287753218474
2004-02-14 16:12:39,0.07600115650326333,0.09480223542199927,0.09849416873336536,0.05570931308876871
2004-02-14 16:22:39,0.07756858825001156,0.09316406886628228,0.09869669398804819,0.055349696439476105
2004-02-14 16:32:39,0.07732729670664722,0.09448967016793954,0.09951741385277599,0.05512955235044464
2004-02-14 16:42:39,0.07651547746638455,0.09367131132924947,0.10016608382016805,0.05498215177242523
2004-02-14 16:52:39,0.07876165600694253,0.09440206300440458,0.0983299275256518,0.0554699717813367
2004-02-14 17:02:39,0.07562864747541721,0.09299926202631202,0.10113126828278166,0.05585726133835121
2004-02-14 17:12:39,0.07764859315371347,0.09466252687229326,0.10082117496709,0.05537584626731887
2004-02-14 17:22:39,0.07831412018894089,0.09477323160048799,0.09796414636661156,0.05511463445226794
2004-02-14 17:32:39,0.07748366502445776,0.0934715074303612,0.09918112497618149,0.05564735621152742
2004-02-14 17:42:39,0.0766398179945097,0.09390929486423528,0.10018113045559399,0.055214216445939907
2004-02-14 17:52:39,0.07512240349334251,0.09308325812943889,0.0977815396861498,0.05600162446284577
2004-02-14 18:02:39,0.07500897158118425,0.0929719016730776,0.09701532502502791,0.0549583038037932
2004-02-14 18:12:39,0.07638410866946989,0.0929960732615773,0.09976832433665866,0.05419580124242269
2004-02-14 18:22:39,0.0778815737405025,0.09394803153098305,0.09845557485352253,0.05532822172935234
2004-02-14 18:32:39,0.07527589666150955,0.09374806578729825,0.09880809308821785,0.05568994337801858
2004-02-14 18:42:39,0.07918480850604868,0.09538902488064036,0.10113830957628696,0.055766792128049504
2004-02-14 18:52:39,0.07800900996065019,0.0941088184001335,0.10029120814884554,0.05628371682925867
2004-02-14 19:02:39,0.07825764247904067,0.09369888124049468,0.09967627321172974,0.05518690127173404
2004-02-14 19:12:39,0.07756342700808648,0.09473158500169714,0.09910361295082817,0.05646430193872374
2004-02-14 19:22:39,0.0768920898158194,0.09349937336145948,0.09702347708276632,0.0545398849713498
2004-02-14 19:32:39,0.07675382413286992,0.09329989472125949,0.09850998973228495,0.05519459867448969
2004-02-14 19:42:39,0.07706217893898017,0.09312540775434427,0.10036510914918774,0.05523015337908654
2004-02-14 19:52:39,0.07648307412728907,0.09132073870829492,0.0986068727190426,0.05590875343259051
2004-02-14 20:02:39,0.07804777822790886,0.0936422964350265,0.10162515078961389,0.05567044939188852
2004-02-14 20:12:39,0.07650461522158433,0.09331293125715247,0.10101437641925841,0.05561286419171909
2004-02-14 20:22:39,0.07870156959980891,0.09320087418776214,0.09985588692814841,0.055862880860898606
2004-02-14 20:32:39,0.07722226104851791,0.09165792520397861,0.0987646719372495,0.0559195139519911
2004-02-14 20:42:39,0.076682546897463,0.09231951164876404,0.09802657265124431,0.054243384778479176
2004-02-14 20:52:39,0.07560601817240468,0.09186131607847675,0.09901352734645981,0.05402839064287148
2004-02-14 21:02:39,0.07643222810081958,0.0924158978673164,0.10069338567089411,0.05552883209564106
2004-02-14 21:12:39,0.07738734213481939,0.09360269194136038,0.10166011961873209,0.055422744425358605
2004-02-14 21:22:39,0.07673310391727378,0.09403060551321901,0.09849624450283165,0.055436512289896656
2004-02-14 21:32:39,0.07786850127863937,0.09352779642197445,0.09920929642081748,0.05537865561592278
2004-02-14 21:42:39,0.0761038050944945,0.09377955982051325,0.09722616667695003,0.05536052593172358
2004-02-14 21:52:39,0.07845021480492986,0.09487483485510786,0.10052293102131815,0.055001698387673
2004-02-14 22:02:39,0.07838792403242394,0.09406078705657575,0.09958070747212881,0.0555727604645443
2004-02-14 22:12:39,0.07639321812553113,0.0936326766081965,0.09984996459909863,0.05518214913788431
2004-02-14 22:22:39,0.07758995887892921,0.09416525276793669,0.09835587386489501,0.055031657474412105
2004-02-14 22:32:39,0.07630416535593952,0.09345079677844674,0.10008785339581945,0.05483362162800094
2004-02-14 22:42:39,0.07535675458086027,0.09221746389644873,0.09595789988693378,0.05458784439328581
2004-02-14 22:52:39,0.07684306242583443,0.09256190224574724,0.09930847669575046,0.0554475788972486
2004-02-14 23:02:39,0.07787379279248559,0.0934815988142133,0.10014836618133993,0.05603996658960431
2004-02-14 23:12:39,0.0775570877511685,0.09383223515361791,0.10157258771790771,0.0560099988980654
2004-02-14 23:22:39,0.07666516348608599,0.09483189435996746,0.10084237467699284,0.05514268145575369
2004-02-14 23:32:39,0.07756690113424648,0.09307642273825197,0.09851278043274161,0.05566312044508802
2004-02-14 23:42:39,0.07749325046335556,0.09428776964725726,0.10313693496925193,0.05571250135093207
2004-02-14 23:52:39,0.07694832791049516,0.09295394615226886,0.0989957208258692,0.05448570926658548
2004-02-15 00:02:39,0.07827299471868691,0.09354448948110818,0.09906920982509282,0.05518488959534419
2004-02-15 00:12:39,0.07576653773689755,0.09265520946608152,0.09922003114689301,0.054982910662008354
2004-02-15 00:22:39,0.07495370741195932,0.09391983781061385,0.09598267912049212,0.055577144450772026
2004-02-15 00:32:39,0.07600730045301188,0.093133115674377,0.09883223652785975,0.05522163768856575
2004-02-15 00:42:39,0.07784788643585913,0.0926278086383959,0.1004556869290091,0.055560734467877806
2004-02-15 00:52:39,0.07777380148527287,0.09379769281856148,0.09828429392206944,0.05495921450979914
2004-02-15 01:02:39,0.07609607626475726,0.09351002492755273,0.10287233600683938,0.05478066480418481
2004-02-15 01:12:39,0.07792080585415044,0.09390889786229073,0.09934311105235509,0.05696162429149834
2004-02-15 01:22:39,0.07685332724030713,0.09296724576219793,0.09726791062737304,0.055727803784591905
2004-02-15 01:32:39,0.07674480360974109,0.09201018431285883,0.09874764512061235,0.0554130590179076
2004-02-15 01:42:39,0.07581541658181529,0.09325936178201374,0.0982043334977165,0.05486716799093808
2004-02-15 01:52:39,0.07844425721064943,0.09277667040698097,0.09900322966625998,0.05474050668760386
2004-02-15 02:02:39,0.07731839992865684,0.09380579863636312,0.10302728221168457,0.055859937642547756
2004-02-15 02:12:39,0.0774041839045036,0.09241961017521652,0.10102836388409664,0.055453158923644864
2004-02-15 02:22:39,0.07701444137866771,0.09374381669795818,0.10143048972239481,0.05439449621799502
2004-02-15 02:32:39,0.07521381764778717,0.09166681525926743,0.10090850215380572,0.05451684313906015
2004-02-15 02:42:39,0.07688718673712741,0.09432064203990731,0.10055281472076928,0.05594473277834882
2004-02-15 02:52:39,0.07637291956519852,0.09293539396031739,0.10023886872010085,0.054550473310372015
2004-02-15 03:02:39,0.07586506077670213,0.09177260615664982,0.09798353999557441,0.056346811638245585
2004-02-15 03:12:39,0.07509972275468153,0.09396748598470933,0.09878477271264552,0.05470701698955856
2004-02-15 03:22:39,0.07799635515554379,0.0923862410747359,0.10065263837086703,0.05593968712928957
2004-02-15 03:32:39,0.07796702085267655,0.093659677618923,0.09851627613203504,0.055494299845106065
2004-02-15 03:42:39,0.07798994871890101,0.09277082645700624,0.09991444775388947,0.054854762536164746
2004-02-15 03:52:39,0.07783470856573299,0.0949637325690333,0.10116230041833481,0.05589015922274849
2004-02-15 04:02:39,0.07896910928150289,0.09386086436044283,0.09997354696751867,0.054652382422348655
2004-02-15 04:12:39,0.07863145837018552,0.09450277587034095,0.09939482342839527,0.055007520715980904
2004-02-15 04:22:39,0.0772715641342982,0.09377878606516253,0.09903163390992432,0.05561316711587266
2004-02-15 04:32:39,0.07686500736292286,0.09442269636143488,0.09943714712240835,0.055712348844402404
2004-02-15 04:42:39,0.07859467976701774,0.09299181685425778,0.09902942094255503,0.055117834079141864
2004-02-15 04:52:39,0.07406578010266232,0.09168908775274547,0.09521595676039946,0.054747363339850696
2004-02-15 05:02:39,0.07718368042185537,0.09343129039933669,0.10183516341538289,0.055062519899744956
2004-02-15 05:12:39,0.07761164921675918,0.09315285878783874,0.09939031044445426,0.055223158601796926
2004-02-15 05:22:39,0.07535664604226643,0.09214669436229833,0.09795855007646367,0.05478202726492865
2004-02-15 05:32:39,0.07658188172553285,0.09366747894100143,0.100516913671676,0.054563403023092066
2004-02-15 05:42:39,0.0740069629690264,0.09168595647628727,0.095460812314933,0.054788715622279306
2004-02-15 05:52:39,0.07723830272590737,0.09239863388770392,0.09777689430841531,0.055799089207307154
2004-02-15 06:02:39,0.07638248201497244,0.0930098548397935,0.09984180758736297,0.05597604263861379
2004-02-15 06:12:39,0.07657077955368544,0.09371565454830746,0.09849430184767119,0.05461165474177098
2004-02-15 06:22:39,0.07622804874711034,0.09130245044840765,0.09703856038338433,0.05497572232733596
2004-02-15 06:32:39,0.07610875126194958,0.09281743649448855,0.10079454600774736,0.054574788049062434
2004-02-15 06:42:39,0.07623550350542943,0.092118923353706,0.09989301836427832,0.05621706386362317
2004-02-15 06:52:39,0.07708717620962284,0.09179630706260358,0.09939454831222604,0.05495832290656224
2004-02-15 07:02:39,0.07748699116934782,0.09475871038592644,0.09953134897204531,0.055912225075873616
2004-02-15 07:12:39,0.07610449452315791,0.0927983771185679,0.09973711478202363,0.054813324226143066
2004-02-15 07:22:39,0.07635186766339307,0.09103009554448953,0.09695712262196385,0.05556902640096456
2004-02-15 07:32:39,0.0770596088085838,0.09293230310079187,0.09990586662769378,0.055033627282256636
2004-02-15 07:42:39,0.07699701271979244,0.09302593824722763,0.10011268859391025,0.0554776255077581
2004-02-15 07:52:39,0.07728033298140037,0.09261199907240124,0.09955877095694332,0.0547118260110562
2004-02-15 08:02:39,0.07780621203466453,0.0932155380293669,0.09853457541331775,0.0553363027467477
2004-02-15 08:12:39,0.07684492905991125,0.09175988932496817,0.09907725030699659,0.05586764064425631
2004-02-15 08:22:39,0.07659802181610169,0.09231576304958644,0.097658986781078,0.05426215678777108
2004-02-15 08:32:39,0.07640585149887909,0.09332342750978544,0.10105551735927047,0.05590384123490595
2004-02-15 08:42:39,0.07807910787950978,0.09375837270749095,0.0994510306406297,0.055198111695445334
2004-02-15 08:52:39,0.0771320243930631,0.09275755343330197,0.09916320870190212,0.05558945721364992
2004-02-15 09:02:39,0.07667906868368998,0.09363424425837562,0.10070980012396107,0.055028966620700025
2004-02-15 09:12:39,0.07617031373935094,0.09346741164126789,0.09821361989345048,0.05534635229038231
2004-02-15 09:22:39,0.07769132254448334,0.09425709273697859,0.10044927859955419,0.05586361117811848
2004-02-15 09:32:39,0.07704784981231637,0.09285826303836933,0.09897989014570041,0.055671601935576596
2004-02-15 09:42:39,0.07618974626169643,0.09237876737620325,0.09987857416202839,0.054545885953899094
2004-02-15 09:52:39,0.07626631662993513,0.09278688182991729,0.09846536397004435,0.05673952975680403
2004-02-15 10:02:39,0.07688099210861483,0.09390951299360063,0.09897630450250064,0.055475970737465054
2004-02-15 10:12:39,0.07759017631579358,0.09324837079117299,0.09871921778042014,0.055206089253262265
2004-02-15 10:22:39,0.07751940163447549,0.09285539153172995,0.09842467759175685,0.05511075017545638
2004-02-15 10:32:39,0.07726942279711571,0.09387809246535696,0.09911859351725755,0.05461960531020297
2004-02-15 10:42:39,0.07630101355912607,0.09226598248542335,0.09731003635769866,0.054705852603694004
2004-02-15 10:52:39,0.07781525133606623,0.09324931730312674,0.0990785112630962,0.05541241529069108
2004-02-15 11:02:39,0.07798633690327465,0.09405495046886604,0.09807865157923369,0.05471308531933951
2004-02-15 11:12:39,0.0771746544622759,0.09286561059895043,0.10156195548671597,0.05688855363381588
2004-02-15 11:22:39,0.07657224628938282,0.09166829880451231,0.09869172629310546,0.054670396366578645
2004-02-15 11:32:39,0.07822638620320545,0.09436605218132003,0.09725846740970799,0.05617057549503018
2004-02-15 11:42:39,0.07821622229779887,0.09290287869789227,0.09897706772059596,0.055416182376653626
2004-02-15 11:52:39,0.0773842852515091,0.09333830254827935,0.10126358206381766,0.05494196006274128
2004-02-15 12:02:39,0.07726606737903233,0.09297302484482603,0.09859128915369506,0.05490748692764015
2004-02-15 12:12:39,0.0769931501066041,0.09239629191428624,0.09858231893757691,0.0552150583720494
2004-02-15 12:22:39,0.07691059873174355,0.09381919062389679,0.10178952609400875,0.05583271317027381
2004-02-15 12:32:39,0.07732531352363789,0.09242796787007863,0.10123815086992896,0.05409405697802469
2004-02-15 12:42:39,0.07831410678323522,0.09328650879563334,0.10333562823677683,0.05578576095692518
2004-02-15 12:52:39,0.07832255566386394,0.09325403950802849,0.0982439525498053,0.054912793263564595
2004-02-15 13:02:39,0.07863616078806,0.09305568135274385,0.09893966014904285,0.05639281702488803
2004-02-15 13:12:39,0.07589722259655489,0.09336049245710903,0.09776292188730108,0.05539889705413058
2004-02-15 13:22:39,0.07599325948453824,0.09309038519321423,0.09973019489119699,0.054783582220427764
2004-02-15 13:32:39,0.07671437395079672,0.09350571201589206,0.09972831324023125,0.05560632940867536
2004-02-15 13:42:39,0.07887786268986172,0.09382435515158437,0.10005297732401748,0.05536956572023307
2004-02-15 13:52:39,0.0769882005033819,0.0938158485967197,0.10020335395658192,0.05416275774351874
2004-02-15 14:02:39,0.07870087810354033,0.09354420263998975,0.1004436068650802,0.05515323286679497
2004-02-15 14:12:39,0.07909702227369336,0.09321203867795205,0.10026627301428617,0.05562416960767272
2004-02-15 14:22:39,0.07852459062969545,0.09251389486558584,0.09795076573180515,0.05593203682851408
2004-02-15 14:32:39,0.07765868861611146,0.09295132319560054,0.09614919987271955,0.05557403409233597
2004-02-15 14:42:39,0.07734564213227144,0.09336992093734905,0.0980722460116313,0.05512648317216475
2004-02-15 14:52:39,0.0794882193810024,0.09438440826876339,0.09949699632623876,0.056319673822350626
2004-02-15 15:02:39,0.07879626891373945,0.09277073776592705,0.10092572082032457,0.056139921670902204
2004-02-15 15:12:39,0.07817898196044847,0.09412802796571085,0.09901617168912309,0.05578242894385172
2004-02-15 15:22:39,0.07934659429042656,0.09453173689164006,0.10368226304673428,0.05673628775277919
2004-02-15 15:32:39,0.07791189913334065,0.09442009119240756,0.10108260049899417,0.05570544573386321
2004-02-15 15:42:39,0.07741222305258562,0.09234250478702458,0.0988349044953215,0.05555697586499812
2004-02-15 15:52:39,0.07717795058465937,0.09291720488279276,0.09807944543121608,0.054370059987263734
2004-02-15 16:02:39,0.07613370047915612,0.09190477209133972,0.09697045631490135,0.05501839759063346
2004-02-15 16:12:39,0.0773253286795043,0.09339274304432191,0.10095240103518921,0.054763262705355635
2004-02-15 16:22:39,0.07663905628649009,0.09125783543856608,0.09948189750918683,0.054937593829562356
2004-02-15 16:32:39,0.07806742519830963,0.09342342832401705,0.10092490968241896,0.056043972920622936
2004-02-15 16:42:39,0.0757897353767387,0.09186761307951055,0.09878777956744036,0.053896491794234
2004-02-15 16:52:39,0.07693496581077384,0.09314901267030941,0.10061654387239523,0.055235391587393094
2004-02-15 17:02:39,0.07733084363887016,0.09356742922464963,0.09773283964320424,0.056077940292685896
2004-02-15 17:12:39,0.0784344701749594,0.09317701435285057,0.0991605483365436,0.05460034716056439
2004-02-15 17:22:39,0.07572402160232444,0.09108168227121219,0.09906122242024025,0.05606617158737197
2004-02-15 17:32:39,0.07848584666277979,0.0938121735826471,0.09848762930257397,0.05474855627574135
2004-02-15 17:42:39,0.07769817876091344,0.09242037100556214,0.1004214635198372,0.05492660849637506
2004-02-15 17:52:39,0.07684502723566512,0.09320357525730659,0.09995064532338885,0.05471683897490422
2004-02-15 18:02:39,0.07749573784568617,0.09170075287337152,0.09804017205059411,0.05593872647971014
2004-02-15 18:12:39,0.0768942226098618,0.09302208609460391,0.10000348448443754,0.054306460570994405
2004-02-15 18:22:39,0.07756199601443663,0.09334147543654982,0.10241267773268761,0.05454550861781781
2004-02-15 18:32:39,0.07578368783686518,0.09152415330509796,0.09926028476214195,0.05454639309306178
2004-02-15 18:42:39,0.07666263259431448,0.09237704944214363,0.09938920181869113,0.054770774025816316
2004-02-15 18:52:39,0.07680994794889096,0.09369282979397514,0.09808625003993772,0.05534681945117052
2004-02-15 19:02:39,0.0754898979572007,0.09251671257966572,0.0989088669588548,0.055909073968185403
2004-02-15 19:12:39,0.07672440649798735,0.09145154577090613,0.1002428668539356,0.05494103485024191
2004-02-15 19:22:39,0.07658893161878026,0.09313899875726911,0.09922529349950258,0.05500416774801513
2004-02-15 19:32:39,0.07612626686154225,0.09147728652458059,0.0987648931866905,0.05533862172874039
2004-02-15 19:42:39,0.07587755105458244,0.09218199202816274,0.09887615297744407,0.05586684176669349
2004-02-15 19:52:39,0.07866857793027657,0.09364821140518313,0.10046165059074211,0.05573633500681704
2004-02-15 20:02:39,0.07489062030728727,0.09194147580070199,0.09784968905682982,0.05470720041489209
2004-02-15 20:12:39,0.07551231309641737,0.09201329208441127,0.0979774165260996,0.05400873814563499
2004-02-15 20:22:39,0.07746526592717064,0.09217733091697523,0.09904678139906094,0.0556946407866508
2004-02-15 20:32:39,0.07787982130019497,0.09200646185405546,0.09853651182334873,0.056078747482752093
2004-02-15 20:42:39,0.07812425699632043,0.09262293852314009,0.09805362564248336,0.055558789500634934
2004-02-15 20:52:39,0.07611588924230137,0.09230588118824723,0.09581802849514731,0.05450380069544241
2004-02-15 21:02:39,0.07747261014400852,0.09172383776945481,0.09748686552380319,0.0548448486167648
2004-02-15 21:12:39,0.0769306027693991,0.09185083828138489,0.09973255779890518,0.05610013988052021
2004-02-15 21:22:39,0.07845043234721921,0.09336737033385405,0.09983307666033787,0.05647376382261884
2004-02-15 21:32:39,0.07711726469025193,0.09329631583804855,0.09867689469851366,0.0546289576490252
2004-02-15 21:42:39,0.07664873110418642,0.09175647708188864,0.1002691787073321,0.05417216506604399
2004-02-15 21:52:39,0.07609888010156608,0.09097748178802308,0.09770057154269787,0.05536292327980524
2004-02-15 22:02:39,0.07747151689162105,0.0924280840979429,0.0977793423730814,0.0549246837479178
2004-02-15 22:12:39,0.07800704598685274,0.09218505216131738,0.09989116031158281,0.055163876975028725
2004-02-15 22:22:39,0.0776384177601554,0.09379100424960068,0.09991571647127902,0.05510525997788485
2004-02-15 22:32:39,0.07918454796460767,0.09391380762102226,0.10013246951291499,0.056302769085799016
2004-02-15 22:42:39,0.07754943638572982,0.09343147933187923,0.09934776699835461,0.05545462637777421
2004-02-15 22:52:39,0.07855608008080611,0.09291485259371433,0.0984315136480548,0.05571057000895908
2004-02-15 23:02:39,0.07898371860131725,0.09403438078058385,0.10033872439036756,0.055425987054968914
2004-02-15 23:12:39,0.07907706146218789,0.09334723684341406,0.09912187523304178,0.05538188363369475
2004-02-15 23:22:39,0.07821985876982906,0.09353351137368071,0.0984083789288832,0.05526316082334308
2004-02-15 23:32:39,0.07781736416215092,0.09283342331614317,0.09860473564339428,0.055053288666506196
2004-02-15 23:42:39,0.07752960839410368,0.09197042067541678,0.10206457011843503,0.05466499280661038
2004-02-15 23:52:39,0.08153570742641995,0.09374930518810987,0.10047405362057435,0.05596252355966559
2004-02-16 00:02:39,0.07680317329444876,0.09294415814891627,0.09915450888220763,0.05562880322485695
2004-02-16 00:12:39,0.07831512342802488,0.09129334465908351,0.09896047466378291,0.0556141443642864
2004-02-16 00:22:39,0.0771442952977548,0.09269228637863931,0.09995474096665657,0.05608664940793526
2004-02-16 00:32:39,0.07835640595271016,0.09190878397363644,0.09869261268417198,0.05503797924287002
2004-02-16 00:42:39,0.07741916138236038,0.09364578518369271,0.10123583685052319,0.05500038575967026
2004-02-16 00:52:39,0.07556773318646268,0.0917889326905014,0.09981685925177473,0.054057886930688304
2004-02-16 01:02:39,0.07788294556965601,0.09257230509968216,0.09898253045374465,0.05501160179318635
2004-02-16 01:12:39,0.07903935778525424,0.09280608326121675,0.10031917957166274,0.05549979950860468
2004-02-16 01:22:39,0.07650427151306105,0.09174403717861031,0.0989885446369167,0.05432415372028936
2004-02-16 01:32:39,0.07822162200772283,0.09221660660804908,0.09994702415325855,0.055552420640644
2004-02-16 01:42:39,0.07962339973549727,0.09342111909751771,0.10255446043134048,0.05660314316539239
2004-02-16 01:52:39,0.07955813043287643,0.09287774597316521,0.09921275010643155,0.055607066168794995
2004-02-16 02:02:39,0.0801101803648931,0.09403166436897487,0.09975203741383741,0.05683192645548601
2004-02-16 02:12:39,0.07790263191685667,0.09259561278593458,0.09937078055901523,0.055210685434273814
2004-02-16 02:22:39,0.07848536635620068,0.0920174809884598,0.09977229899163827,0.05600713228805897
2004-02-16 02:32:39,0.0781629168742804,0.09294999986932276,0.09970588933647702,0.055356446761479355
2004-02-16 02:42:39,0.07783023534880217,0.09092459135219888,0.09941163673944396,0.0548540931181351
2004-02-16 02:52:39,0.0794637930689617,0.09381064534236014,0.09983038303161716,0.05643011846032847
2004-02-16 03:02:39,0.0771216545280789,0.09198692417114493,0.0990142182753326,0.05566718810778633
2004-02-16 03:12:39,0.08226507553907654,0.09309644144403034,0.10044749865154062,0.05635814571044088
2004-02-16 03:22:39,0.08432738821836488,0.09414230386816859,0.10005995639014076,0.05644974931705913
2004-02-16 03:32:39,0.08428194070835676,0.09285106872264812,0.09863231846021131,0.05557240372051656
2004-02-16 03:42:39,0.08310013480089005,0.09226859105438438,0.09789958865820936,0.05672206489652183
2004-02-16 03:52:39,0.08265829256494828,0.09346876682400636,0.09789443112105123,0.05590659610162514
2004-02-16 04:02:39,0.08427011202005273,0.09171345474433902,0.10069110689996935,0.05594182790873844
2004-02-16 04:12:39,0.08598916774558726,0.0952193347746548,0.10269382493970365,0.05772386958088091
2004-02-16 04:22:39,0.0844446989052719,0.09374156042224949,0.10090677361686885,0.057346060312210234
2004-02-16 04:32:39,0.08267802190083534,0.09306398061293181,0.10162505517080461,0.055737864653488615
2004-02-16 04:42:39,0.0836366519843676,0.09343354031807952,0.09906647349241594,0.055963431448187335
2004-02-16 04:52:39,0.08381377112321226,0.09345180498771524,0.09921008565542588,0.055977902014464995
2004-02-16 05:02:39,0.08551739652636797,0.09238806031704103,0.09992065312410871,0.05613307331703458
2004-02-16 05:12:39,0.0843029240713687,0.0925613873610213,0.09755739557771231,0.05540259322717357
2004-02-16 05:22:39,0.08698095233242667,0.0930546263468154,0.09824837853104282,0.05598837408007513
2004-02-16 05:32:39,0.08478567061651318,0.09183243890795505,0.099066522536601,0.05609088266832309
2004-02-16 05:42:39,0.08516501218662106,0.09335767667278462,0.10046293888766217,0.05604617201146289
2004-02-16 05:52:39,0.08699270907495057,0.09299254806071425,0.09863632602029612,0.05580011045485221
2004-02-16 06:02:39,0.08694727317132792,0.09461841607416649,0.09924875070906856,0.05595734120181743
2004-02-16 06:12:39,0.08790213779758978,0.09379925068295214,0.10187145718384329,0.05754805854192947
2004-02-16 06:22:39,0.08564851144685676,0.09396881213044064,0.1003092147871757,0.056653566033082275
2004-02-16 06:32:39,0.08544845978285287,0.09204672848407278,0.09866973466516439,0.05736701247084428
2004-02-16 06:42:39,0.08661492070929407,0.09295899144532528,0.09964356296624395,0.05561050615613128
2004-02-16 06:52:39,0.08760370818620197,0.09304773217501588,0.10292401208316007,0.055917541294176094
2004-02-16 07:02:39,0.08819991475141369,0.09194107640943242,0.09908112824408215,0.05626405581502845
2004-02-16 07:12:39,0.08605566523148685,0.09128050783117822,0.09842235150287557,0.054698460027422194
2004-02-16 07:22:39,0.08917602560745788,0.09306036983176325,0.1001906111003622,0.056608855988243015
2004-02-16 07:32:39,0.08561724226723334,0.09239940783833919,0.0960388937603051,0.05588032064040705
2004-02-16 07:42:39,0.088270077170898,0.09353312321805103,0.09894252830516152,0.05590853333624053
2004-02-16 07:52:39,0.08883568068629037,0.09272537682637591,0.09970986476621205,0.05654582213979097
2004-02-16 08:02:39,0.0873070835176912,0.09306884181540834,0.09936251737390825,0.05590285027073284
2004-02-16 08:12:39,0.08748096358742986,0.09275929379991735,0.09943304685650876,0.056521376913047955
2004-02-16 08:22:39,0.08891918475256959,0.09365687760746738,0.09817621711948021,0.05581794864369827
2004-02-16 08:32:39,0.08606722979923805,0.09263383820117867,0.09962240738864549,0.05552795975160119
2004-02-16 08:42:39,0.08849113840520423,0.09320890224641422,0.09909163021798115,0.05566965031601043
2004-02-16 08:52:39,0.0878505416146961,0.09390604106272374,0.1000520561319337,0.05663789211114776
2004-02-16 09:02:39,0.08692828248176465,0.09170032128235754,0.09877301183316894,0.05553415731812796
2004-02-16 09:12:39,0.08674512682104311,0.0912053206676671,0.09859165764295345,0.056348958614773834
2004-02-16 09:22:39,0.08853544116346378,0.09361234666859682,0.09934387612196373,0.056299169307113935
2004-02-16 09:32:39,0.08813801968054918,0.09275473382267997,0.10142778267031809,0.05538007610800074
2004-02-16 09:42:39,0.08998819227956478,0.09353708405264313,0.09964475942057746,0.055786026178890204
2004-02-16 09:52:39,0.08840503032733701,0.09265355568421062,0.09737455441666748,0.055650946822320586
2004-02-16 10:02:39,0.0876486079775073,0.09269208593014867,0.10234971296172374,0.05573979767785456
2004-02-16 10:12:39,0.08952051035111654,0.0922255900016116,0.09940966432593436,0.05551075189858656
2004-02-16 10:22:39,0.08913815690355717,0.09489182663767856,0.10197403083144407,0.05570535588391804
2004-02-16 10:32:39,0.08819190357423919,0.0931627349342484,0.09889983025582216,0.0557369346928888
2004-02-16 10:42:39,0.08845361851860478,0.09288374932261988,0.09786597348941065,0.056115866109507105
2004-02-16 10:52:39,0.09015253227795089,0.09274322154126907,0.09784956454728949,0.0552018252931817
2004-02-16 11:02:39,0.0907109951593805,0.0950684501061038,0.09795064284631287,0.057475268716117134
2004-02-16 11:12:39,0.08991633180860216,0.09263138778317599,0.09883813115752299,0.05554112919343286
2004-02-16 11:22:39,0.09102980426709564,0.09339585448008078,0.09920496991562487,0.055949790190966256
2004-02-16 11:32:39,0.09011428577754278,0.09231570248468439,0.09809768433385203,0.05583652317418759
2004-02-16 11:42:39,0.0920960610300418,0.09344937627960662,0.10107768822827075,0.056902959708395824
2004-02-16 11:52:39,0.0892103494530422,0.0921322997766908,0.09901779786068127,0.0557374756751538
2004-02-16 12:02:39,0.08972700211715177,0.09258965931443866,0.09739641509282347,0.055736483505284116
2004-02-16 12:12:39,0.09109607884447728,0.09356221450356943,0.09910440598337195,0.056813134163562366
2004-02-16 12:22:39,0.09181906107959426,0.09274863525290651,0.10030134195127598,0.05726048824314535
2004-02-16 12:32:39,0.08981666168613424,0.09300692737360915,0.09859445519423969,0.055703092932389536
2004-02-16 12:42:39,0.0912363811747594,0.09342989521344865,0.1002816776086612,0.05711397596302633
2004-02-16 12:52:39,0.09086255932852223,0.09264838386799562,0.09726688398952504,0.05663198433301215
2004-02-16 13:02:39,0.08962642271786782,0.09248283626523635,0.09730963039788322,0.05524189467330037
2004-02-16 13:12:39,0.08982623164856961,0.093254523078056,0.1009197364383867,0.055505543195750164
2004-02-16 13:22:39,0.09140706176213964,0.09342739929700301,0.09811653373463423,0.05702074405170045
2004-02-16 13:32:39,0.09195068362525412,0.0943364401161402,0.09913960196002018,0.05690309014500134
2004-02-16 13:42:39,0.0904007166172949,0.09209706869393314,0.0987761102546032,0.05666747691221671
2004-02-16 13:52:39,0.09160452970670459,0.09385453018148866,0.09828631202165074,0.05518855895830641
2004-02-16 14:02:39,0.09144234535781325,0.09443781526589472,0.10148519924744026,0.05597924362286138
2004-02-16 14:12:39,0.09038592701053132,0.0946304745069252,0.10018310863915503,0.05610207826544723
2004-02-16 14:22:39,0.09101367822210618,0.09362379067512802,0.1000242990156608,0.05619696332062136
2004-02-16 14:32:39,0.0911158648919164,0.09327086925464208,0.10058271332993546,0.056686176219113614
2004-02-16 14:42:39,0.09316733259509058,0.09281658290631963,0.09740888784010396,0.0557330832730578
2004-02-16 14:52:39,0.09196203732731477,0.09314291108215364,0.09806879946341272,0.055194106780630435
2004-02-16 15:02:39,0.0922024067089376,0.09395076933140106,0.0986575735174174,0.05616492763847828
2004-02-16 15:12:39,0.09182605308195994,0.09321050767039692,0.09840308182184697,0.05607037417130272
2004-02-16 15:22:39,0.09341298303596823,0.09387646984940681,0.10137386343869016,0.055663427920596434
2004-02-16 15:32:39,0.09315049069487231,0.09361028570684421,0.09820383178757812,0.05444619637963635
2004-02-16 15:42:39,0.09361079247499525,0.09468243379683063,0.0991423365206133,0.05627274393562472
2004-02-16 15:52:39,0.09453851974415538,0.09493847650973088,0.10178874030900695,0.05659588970223888
2004-02-16 16:02:39,0.09484963749584262,0.09356611852621445,0.10022448581077104,0.055588105319399075
2004-02-16 16:12:39,0.0959120284074042,0.09422618792534376,0.0981974709349123,0.05744620915803075
2004-02-16 16:22:39,0.09453793453149933,0.09369008992859387,0.09809441539534682,0.05610743872175926
2004-02-16 16:32:39,0.09484629882808877,0.09377286787524769,0.09859855170419224,0.057087210537162855
2004-02-16 16:42:39,0.0955983173655248,0.09209684123485462,0.10063070503499447,0.05639186582631899
2004-02-16 16:52:39,0.09627149217233755,0.09491644998192926,0.09930310516123447,0.05725266687798731
2004-02-16 17:02:39,0.09629404317563606,0.09326035059349837,0.0984156046163114,0.05721637194386602
2004-02-16 17:12:39,0.09498447139990727,0.09410183644772006,0.0984370356759883,0.05690451806302476
2004-02-16 17:22:39,0.09552253485830182,0.09441184235235701,0.09936843189901691,0.05738343350091115
2004-02-16 17:32:39,0.09492519433304482,0.09497518469216171,0.10088720792105377,0.05738318204424084
2004-02-16 17:42:39,0.09428422152945773,0.09449229150551317,0.09962245493375525,0.05695607030876331
2004-02-16 17:52:39,0.0933171473772583,0.09301220656372101,0.09660634820245295,0.05568161332613013
2004-02-16 18:02:39,0.0984568390599354,0.09349078030611611,0.10058774856262029,0.05789009879295976
2004-02-16 18:12:39,0.09505124793176432,0.09377431341543539,0.09887979015461612,0.05676230032530032
2004-02-16 18:22:39,0.0955903316219021,0.09331519737343474,0.10030345894417701,0.056710590877985884
2004-02-16 18:32:39,0.09694593283000708,0.0940548845342526,0.10064355761662727,0.056593752093445755
2004-02-16 18:42:39,0.09651249050398986,0.09466639145018185,0.09785060528248404,0.056277097688182405
2004-02-16 18:52:39,0.09612156339226101,0.09288458021365618,0.09678346356819062,0.0567842805218181
2004-02-16 19:02:39,0.0961547889837236,0.09300494277633566,0.09840011506922808,0.05622904414568433
2004-02-16 19:12:39,0.09568241768963978,0.09499396538539653,0.09943444571465243,0.05742954419557071
2004-02-16 19:22:39,0.09588458074604739,0.0920224452309902,0.10063298226228036,0.05681936901573631
2004-02-16 19:32:39,0.09359274326503576,0.0938767473527926,0.09925629870521147,0.05636015752998297
2004-02-16 19:42:39,0.09780102819137025,0.09383949162265187,0.09832703777564272,0.05679041020235406
2004-02-16 19:52:39,0.09710857780140626,0.09287508432377935,0.10271677076712647,0.057077950439622265
2004-02-16 20:02:39,0.09409122125824158,0.09203974608354952,0.0991826598240159,0.05641748327048158
2004-02-16 20:12:39,0.09633935946049874,0.09376876520043075,0.09834064825778352,0.05705933716246407
2004-02-16 20:22:39,0.09589439476839043,0.092413553689452,0.0996063093687255,0.05735948017814408
2004-02-16 20:32:39,0.09742095474766636,0.09298697263035936,0.09764765138740437,0.056233157707730325
2004-02-16 20:42:39,0.09766140005146898,0.0923211378280616,0.09983556356788927,0.05687903369301554
2004-02-16 20:52:39,0.09483492253569105,0.09425812495910922,0.09716049493223886,0.05687040470916087
2004-02-16 21:02:39,0.09751009668749219,0.09338150917172255,0.10004299725064171,0.05670025779780532
2004-02-16 21:12:39,0.0984502172949089,0.09381747928767813,0.09783039692163258,0.05636642169589525
2004-02-16 21:22:39,0.09942106674699967,0.09297349779665098,0.09805896976236937,0.05699178645923102
2004-02-16 21:32:39,0.09837858984946371,0.0942406585488305,0.09779722132480488,0.05714014902583663
2004-02-16 21:42:39,0.09805326957326742,0.09317907677504725,0.09787982094692116,0.05660908975097253
2004-02-16 21:52:39,0.09791962715162435,0.09407502540941357,0.0984390166649056,0.056225669358568285
2004-02-16 22:02:39,0.09727418367636485,0.09371824933965806,0.09824532186681803,0.056846997992168934
2004-02-16 22:12:39,0.09838601451398604,0.09345545864279176,0.09963385554695402,0.05653342442787974
2004-02-16 22:22:39,0.10379373775459946,0.09351555611924221,0.10143719421558833,0.05683167212901876
2004-02-16 22:32:39,0.1063879316996484,0.0926928439971922,0.09828300588387064,0.05794181156992104
2004-02-16 22:42:39,0.10502682661261475,0.09364234310549135,0.10134840764132688,0.05739850654963577
2004-02-16 22:52:39,0.1053559558611759,0.09498654958354633,0.09877143403562814,0.0580539057215765
2004-02-16 23:02:39,0.10627854421930835,0.09357156212304371,0.09735682580505987,0.05731523815898262
2004-02-16 23:12:39,0.1042945375090503,0.09300741774111958,0.09808927830743466,0.0573256469337828
2004-02-16 23:22:39,0.10585105051330726,0.09351927385701654,0.098374732118224,0.05886938360797633
2004-02-16 23:32:39,0.10621116450450936,0.09308542911818765,0.09889769284508579,0.05640426175544642
2004-02-16 23:42:39,0.10301753529734428,0.09357539165577496,0.09952700653852428,0.05805386745044063
2004-02-16 23:52:39,0.10597090315757153,0.09294507544861738,0.09826485802847312,0.057916996936202524
2004-02-17 00:02:39,0.10596124544569852,0.0932363991385489,0.10032634600113226,0.05780213550965055
2004-02-17 00:12:39,0.10463788541822946,0.0930628532918784,0.10050705667186859,0.05703185001050572
2004-02-17 00:22:39,0.10564341960605184,0.09403532535265999,0.10198828958015364,0.057390543184347276
2004-02-17 00:32:39,0.10436091226971167,0.09434597446939319,0.0985916737395635,0.05879730647066612
2004-02-17 00:42:39,0.10662908196711109,0.09400232955006088,0.09754553402170149,0.05826529265640308
2004-02-17 00:52:39,0.10662272294907449,0.09372832978709374,0.10000123223031226,0.059705812711057106
2004-02-17 01:02:39,0.10470497221994235,0.09226000218578347,0.09668027583804381,0.057860093918732425
2004-02-17 01:12:39,0.1042111103261373,0.0930898923777123,0.09730934386651185,0.05779634631484964
2004-02-17 01:22:39,0.10612333492193085,0.09330191700696161,0.09931711656632666,0.05798339440781318
2004-02-17 01:32:39,0.10685424113747322,0.0928658785033823,0.0995923536037445,0.05989405086459836
2004-02-17 01:42:39,0.10483617232839337,0.0928978342996202,0.09727835084359254,0.05735827939748678
2004-02-17 01:52:39,0.10359578030761812,0.0923992231371549,0.09584242381964025,0.05810239643178841
2004-02-17 02:02:39,0.10616001887205379,0.09284156861626382,0.09902028132695048,0.05782108520624983
2004-02-17 02:12:39,0.10632109114648676,0.09231675324042884,0.09781921342738788,0.05901097839447145
2004-02-17 02:22:39,0.10490473729265576,0.09455109655038442,0.09969289480731654,0.057179160703620086
2004-02-17 02:32:39,0.10296499395415802,0.09467082504913797,0.10092736436458778,0.057397842127322685
2004-02-17 02:42:39,0.10200409330286662,0.09309934170628784,0.10154246217514837,0.05801883246962732
2004-02-17 02:52:39,0.10488470669884209,0.09376903208674797,0.09757955832869684,0.05850941653972869
2004-02-17 03:02:39,0.10283460318913767,0.09291471253709059,0.09875367657530959,0.057549772945107776
2004-02-17 03:12:39,0.10413743257599119,0.09334161851479013,0.0986620732475017,0.05745185557294703
2004-02-17 03:22:39,0.10526976454013148,0.0947152259257683,0.10002399926871952,0.05776003456414451
2004-02-17 03:32:39,0.10531831724195698,0.09472843650896036,0.09833497705937394,0.05823738529961175
2004-02-17 03:42:39,0.10321690429618245,0.09363664053252661,0.09798648049044621,0.057965713373937855
2004-02-17 03:52:39,0.10400128132345388,0.09382717488558116,0.10033403485712535,0.05752683066958406
2004-02-17 04:02:39,0.10480217471499272,0.09305360989855462,0.09692030179303862,0.05675739532362297
2004-02-17 04:12:39,0.10488583708134935,0.09405519967013949,0.09780113828347675,0.05745269615537802
2004-02-17 04:22:39,0.10447621175276427,0.09319115220428845,0.09850823075728442,0.05848417604446466
2004-02-17 04:32:39,0.10532211328238415,0.09407296783616491,0.09852032484190162,0.05807148800930763
2004-02-17 04:42:39,0.10711018065680078,0.09236995562192811,0.09737947622955277,0.05774715341237809
2004-02-17 04:52:39,0.10712637927139163,0.09467429601169022,0.09909889921574892,0.0582972475401314
2004-02-17 05:02:39,0.10520359186824398,0.09214330147779143,0.09789851602259377,0.05739737889876534
2004-02-17 05:12:39,0.10515856756462198,0.09653360933547869,0.09971689086188319,0.05845450576809256
2004-02-17 05:22:39,0.10575113730897227,0.09409658829161567,0.09936985083143098,0.05835645302072917
2004-02-17 05:32:39,0.10544027061107582,0.09439927621941706,0.09936438604904353,0.05807346191554562
2004-02-17 05:42:39,0.10669547648965737,0.09396074168282802,0.09789234308918345,0.05884659982241668
2004-02-17 05:52:39,0.1071485531494202,0.09308576038820587,0.10151432923961604,0.05758802339460809
2004-02-17 06:02:39,0.10824692015225088,0.0947192628601785,0.09915371649662409,0.05864367418153301
2004-02-17 06:12:39,0.10665342985259191,0.09424721003014903,0.09814911358979336,0.05801202410844823
2004-02-17 06:22:39,0.10575487625750099,0.09398987465635418,0.09766146855117727,0.05773068316671322
2004-02-17 06:32:39,0.1072826023429122,0.09560834029580352,0.09906992353142903,0.058534062614485474
2004-02-17 06:42:39,0.10927182216694306,0.09345103687902376,0.09825551957180262,0.057013109484215695
2004-02-17 06:52:39,0.10650334890644468,0.09323413922500397,0.09798370370479412,0.05671751542929588
2004-02-17 07:02:39,0.10978820240434577,0.09530410410568904,0.09937389007095286,0.05872086134923034
2004-02-17 07:12:39,0.11276849746368144,0.09417151367578178,0.09966155040992129,0.05889661717139663
2004-02-17 07:22:39,0.12029093778164836,0.09477126415427892,0.09900766017475753,0.0600230940141374
2004-02-17 07:32:39,0.16690034023478473,0.09743625916880691,0.10435650151367971,0.06425096598656332
2004-02-17 07:42:39,0.17176579278958717,0.09827539580473606,0.10413893821741138,0.06458841318933527
2004-02-17 07:52:39,0.17375806605961605,0.097695052372021,0.10059727947283778,0.0647920196538942
2004-02-17 08:02:39,0.17178235147458698,0.09800357178701305,0.10265264823547313,0.06485738541894062
2004-02-17 08:12:39,0.16910528478915224,0.09691470417711104,0.1007197150951026,0.06467142629154629
2004-02-17 08:22:39,0.1736956354885834,0.0978811923647312,0.10144342557414371,0.0630857682134534
2004-02-17 08:32:39,0.16860334514053357,0.09799736560844366,0.10270372120014569,0.06504562173490402
2004-02-17 08:42:39,0.16686957292415194,0.0984031733761418,0.10379606837330953,0.06408136780904647
2004-02-17 08:52:39,0.1725273099804677,0.09762517472444227,0.10144149098166372,0.06447206526527809
2004-02-17 09:02:39,0.16982891578799764,0.10223539972476765,0.10308400897279849,0.06419756315921807
2004-02-17 09:12:39,0.16881952199723052,0.09682983221637537,0.10040801278628779,0.06422510722198632
2004-02-17 09:22:39,0.1684959938582706,0.09767191144473504,0.10257423913873191,0.06527932522828964
2004-02-17 09:32:39,0.16951001258746012,0.09786067920667613,0.10132453387554455,0.06470522129152974
2004-02-17 09:42:39,0.1699393050496325,0.09774627608757835,0.1002982190800165,0.06361652312683229
2004-02-17 09:52:39,0.1650992904935411,0.09733440263757544,0.10271670872873358,0.06489637606182869
2004-02-17 10:02:39,0.16553073414469494,0.09765254418453469,0.10016509346828187,0.06416956401554061
2004-02-17 10:12:39,0.1649990375922456,0.09722258315497632,0.10133913264704314,0.06471186385433583
2004-02-17 10:22:39,0.168100771062765,0.09722961949013763,0.10201733240073471,0.06389870258159314
2004-02-17 10:32:39,0.16410248837466243,0.09706115930654405,0.10097127221340503,0.06516036215770474
2004-02-17 10:42:39,0.16516806714617885,0.09647791729111206,0.09980171757636855,0.06336588369590752
2004-02-17 10:52:39,0.16413047859733382,0.09745273118878414,0.0992613874486681,0.0644214138348156
2004-02-17 11:02:39,0.16383306654947433,0.0978418159494639,0.10119476994360488,0.06390889677705347
2004-02-17 11:12:39,0.1632113392411724,0.09752581396167116,0.10218053800403791,0.06559619042483977
2004-02-17 11:22:39,0.16848270300530332,0.09862853278771702,0.10300918588921004,0.064862035103995
2004-02-17 11:32:39,0.1669775126212442,0.09753801358919965,0.10109690286422751,0.06545533663348904
2004-02-17 11:42:39,0.16564094600758167,0.09827257351871767,0.10226432246870476,0.06537416712756963
2004-02-17 11:52:39,0.16415599080108045,0.09759293256854619,0.09931537975309278,0.06467981101568715
2004-02-17 12:02:39,0.16524736720381145,0.09768392586566253,0.0998389999911594,0.0635944587856644
2004-02-17 12:12:39,0.16630989463577428,0.09776094243268034,0.10096998024651838,0.06524810121859802
2004-02-17 12:22:39,0.15754942705056954,0.09786475977900454,0.10261530145537937,0.06433904658657665
2004-02-17 12:32:39,0.16212734874413084,0.09829967703507857,0.10083894629796236,0.06413615104900187
2004-02-17 12:42:39,0.155829395268377,0.0972276080844192,0.100926991823783,0.06385200137806442
2004-02-17 12:52:39,0.1567935857322712,0.09837607181841289,0.10147603588377295,0.06458672533959492
2004-02-17 13:02:39,0.15418003811939907,0.09796548445418574,0.10155686493906331,0.06283961627743434
2004-02-17 13:12:39,0.15503072284433067,0.09723603336158881,0.10157919101599323,0.06314668737295723
2004-02-17 13:22:39,0.1547968347916909,0.09834781785092755,0.1002898073644805,0.06479304950851221
2004-02-17 13:32:39,0.1450705055638453,0.096627642342709,0.10122697314835759,0.06349680680812106
2004-02-17 13:42:39,0.1425164383568224,0.0953678881159473,0.10009912953750917,0.06370272873529556
2004-02-17 13:52:39,0.14809152923217314,0.09704480297201099,0.10222814548920985,0.06436850327662559
2004-02-17 14:02:39,0.14527420573957364,0.09773986047763794,0.099413317349288,0.06383186628690686
2004-02-17 14:12:39,0.14391676943713247,0.09723450645511085,0.10070831618819148,0.06387149405119337
2004-02-17 14:22:39,0.1397300785385201,0.09835178462411,0.10169011570843552,0.06337392760383798
2004-02-17 14:32:39,0.13941304413449707,0.09842295653437665,0.09911812673282364,0.06376769910536083
2004-02-17 14:42:39,0.1397664775456529,0.09805493038855741,0.10136893397117405,0.0628628835329747
2004-02-17 14:52:39,0.14242442566918903,0.09775481426057255,0.10117383109694597,0.062327932976025284
2004-02-17 15:02:39,0.13857154065142493,0.0985481706109186,0.10229220736823727,0.06368878428125906
2004-02-17 15:12:39,0.1405957275364156,0.09782906172819696,0.10231103521685839,0.06444919105351483
2004-02-17 15:22:39,0.13448059006036334,0.09847753596184251,0.10149903402930788,0.06251298063356685
2004-02-17 15:32:39,0.1405386108085053,0.09815907255859282,0.1000341557470819,0.06375018883495914
2004-02-17 15:42:39,0.1395575631882376,0.0978899819034552,0.10223661169912569,0.06246282472698962
2004-02-17 15:52:39,0.13509760963506168,0.09765446458229364,0.10069069541604522,0.06339981428975301
2004-02-17 16:02:39,0.1356600866659555,0.09825673590990035,0.09837245448675411,0.06340432865377323
2004-02-17 16:12:39,0.13497422190238023,0.09730010240098869,0.10102666784855975,0.06333168742394597
2004-02-17 16:22:39,0.1318940557622184,0.09849763286924261,0.1027182858233755,0.06363035986398881
2004-02-17 16:32:39,0.1285193573214128,0.09651354793401598,0.10041627139034705,0.06224700501456148
2004-02-17 16:42:39,0.12588803052826236,0.09648784050035707,0.10028877538725683,0.06210393407717969
2004-02-17 16:52:39,0.12576329771092057,0.09838047597282501,0.099973826351547,0.0626981036381039
2004-02-17 17:02:39,0.12436183717772133,0.09897737211815592,0.10113988690173924,0.06352886313321324
2004-02-17 17:12:39,0.12275143975812915,0.09583009368566756,0.10136680550970108,0.06180026352616065
2004-02-17 17:22:39,0.12051301885789825,0.09762742352391292,0.10117383857786111,0.06225331335113388
2004-02-17 17:32:39,0.1166660948367499,0.09792094365661609,0.10481327887667097,0.06359768287334615
2004-02-17 17:42:39,0.11792605468161949,0.0970820129183931,0.10168262712007511,0.06140488132994843
2004-02-17 17:52:39,0.11286114918804072,0.09659037641230034,0.10054041922162889,0.06221948583207538
2004-02-17 18:02:39,0.11249215087288815,0.09659518500980684,0.09926115771306998,0.060156513719447045
2004-02-17 18:12:39,0.11131760950561537,0.09704448873877576,0.10174220939087811,0.061194344431649936
2004-02-17 18:22:39,0.11111957430155606,0.09665858333591879,0.09906049484900022,0.061039757492361214
2004-02-17 18:32:39,0.11086903828207735,0.09698660390979967,0.10229852363971127,0.06308552245728144
2004-02-17 18:42:39,0.11016165070743358,0.09811756292879494,0.10373818706550592,0.06119997097296796
2004-02-17 18:52:39,0.11003688238111325,0.0976847069293339,0.10050186167629277,0.061139073256198696
2004-02-17 19:02:39,0.10700644976825882,0.09725252347839895,0.1010461799618737,0.062428366097458186
2004-02-17 19:12:39,0.10728675148084728,0.09690664626705134,0.10024625546109808,0.061877813171435085
2004-02-17 19:22:39,0.10782039876826106,0.09791354232482098,0.10120297640738074,0.06055570741775099
2004-02-17 19:32:39,0.1057392833102396,0.09816950430140829,0.09972889688388131,0.06051834992197921
2004-02-17 19:42:39,0.10385514130512277,0.09955927123425556,0.10311922251194337,0.06076252888298543
2004-02-17 19:52:39,0.10679002403712506,0.0987340709603186,0.10164226030320886,0.061492610765590816
2004-02-17 20:02:39,0.10529923458942071,0.098804610431557,0.10502540227861915,0.06108675015487871
2004-02-17 20:12:39,0.10424232526230925,0.09745287549645126,0.10197337480154689,0.06164585181065462
2004-02-17 20:22:39,0.1034660162298646,0.0988327333187394,0.10352271578371981,0.06028528138863581
2004-02-17 20:32:39,0.10303341929906083,0.0979946389610226,0.10046492002812762,0.06141296025346847
2004-02-17 20:42:39,0.09932671827228878,0.09717862717877271,0.10096633687372594,0.06039347154166345
2004-02-17 20:52:39,0.1027613222475572,0.09858122549659934,0.10027260854887972,0.061273682229737704
2004-02-17 21:02:39,0.10150994680453333,0.09959007317466781,0.10045655921380628,0.0602752593522816
2004-02-17 21:12:39,0.1005011357888005,0.09751984351351622,0.100965466333124,0.060427179446181714
2004-02-17 21:22:39,0.09938109371101281,0.09826119709545524,0.10214102172850312,0.06077699328077639
2004-02-17 21:32:39,0.10260289575111844,0.0986459739432091,0.10243375400076782,0.060416985357864134
2004-02-17 21:42:39,0.10001330201093335,0.09830722860927431,0.10105866708056059,0.05931800620922538
2004-02-17 21:52:39,0.10276512887398308,0.09900035291078053,0.10048497760440002,0.06052599938370736
2004-02-17 22:02:39,0.10078765172273145,0.09662172024997306,0.10206325969677359,0.06036974109538455
2004-02-17 22:12:39,0.1007153504462887,0.09899380129068464,0.10520664919628184,0.060413219720907865
2004-02-17 22:22:39,0.10212342845013811,0.09780680423985579,0.1012328788320725,0.06066215674214367
2004-02-17 22:32:39,0.10275646646779792,0.0972991139932257,0.10030418918317514,0.060165032569581584
2004-02-17 22:42:39,0.10324702202016951,0.09773351489428207,0.10013325195887292,0.06013228251902034
2004-02-17 22:52:39,0.1047412128347642,0.09748979570506301,0.10185364139702481,0.06124831006736165
2004-02-17 23:02:39,0.10545712973166474,0.09830220149364594,0.10215952684044832,0.06072693056385903
2004-02-17 23:12:39,0.10417791742227182,0.09730307157875069,0.10207685205173386,0.06027457722296486
2004-02-17 23:22:39,0.1051318179964211,0.09845619480769535,0.0999628274579246,0.06049162488707478
2004-02-17 23:32:39,0.1030313392043679,0.09651321299810355,0.09999475741909959,0.06011412271173711
2004-02-17 23:42:39,0.10615591171328946,0.09750666407252387,0.10431821956003075,0.06012356776303799
2004-02-17 23:52:39,0.10578806687670791,0.099086144916729,0.10080682064537007,0.060028761194248145
2004-02-18 00:02:39,0.10624727787966637,0.09855040082619348,0.10305822956744673,0.05960105007610412
2004-02-18 00:12:39,0.10637208565443916,0.09783007547859815,0.10246082097540163,0.06055623317089972
2004-02-18 00:22:39,0.10593797263308431,0.09603726545092355,0.10043877151566394,0.05993649283205059
2004-02-18 00:32:39,0.10891516025963495,0.09768612682460691,0.10168823142801706,0.06091125363490645
2004-02-18 00:42:39,0.1074289279445023,0.09744676503217255,0.10052726783659623,0.05963611108546312
2004-02-18 00:52:39,0.10872731503454545,0.09818823771654372,0.10080499009294337,0.06018689741334947
2004-02-18 01:02:39,0.11020481688710693,0.09792198338384492,0.1029926791931428,0.06039963876633396
2004-02-18 01:12:39,0.10984978334579727,0.09828929959742638,0.10292251571178108,0.06191077956384006
2004-02-18 01:22:39,0.10856224200287708,0.09687072569640659,0.10183146947864821,0.059375998145045475
2004-02-18 01:32:39,0.10971603541937815,0.09718848562646941,0.10101595664666725,0.059250318762440427
2004-02-18 01:42:39,0.11021701112126629,0.09628652642329043,0.10133056663493833,0.058725113428704304
2004-02-18 01:52:39,0.10842864669627882,0.098281649264538,0.10334706550282262,0.060429485282746144
2004-02-18 02:02:39,0.1087874622777186,0.0969755245207389,0.10168410043878763,0.05918779253276437
2004-02-18 02:12:39,0.10945778675098577,0.09761073185560984,0.10377965648644623,0.05972268015853421
2004-02-18 02:22:39,0.11022766726106654,0.09704372164312057,0.10253722072908866,0.0594837730298757
2004-02-18 02:32:39,0.11007500028959694,0.09963620750700788,0.10288314749358017,0.059465991628487515
2004-02-18 02:42:39,0.11049022092636923,0.09889750127078874,0.10216940650874583,0.060940851585471315
2004-02-18 02:52:39,0.11108437894267928,0.09789007568354581,0.10066601179135588,0.05903673641798832
2004-02-18 03:02:39,0.11180614558308685,0.09888318053513492,0.10296937824468454,0.060251714539394825
2004-02-18 03:12:39,0.11378132599861729,0.09871993550097186,0.10118205615000571,0.0603970043518258
2004-02-18 03:22:39,0.11121559003208738,0.09814557371738576,0.10074164601668396,0.0601793861996392
2004-02-18 03:32:39,0.11279983044372288,0.09930316244798998,0.10399393709297529,0.060032258122071844
2004-02-18 03:42:39,0.13761017062884853,0.09896396343070182,0.10358020222929852,0.06087714480097658
2004-02-18 03:52:39,0.13716162453713568,0.09959413363577806,0.10367421656718578,0.06169748549014296
2004-02-18 04:02:39,0.1358251476204224,0.10013949326432729,0.10435461226899326,0.06253970192689852
2004-02-18 04:12:39,0.14128131902009372,0.10231248278198858,0.10413968845103981,0.06159047246254139
2004-02-18 04:22:39,0.1392458677664209,0.09884022564017193,0.1029273971042804,0.06107353644860076
2004-02-18 04:32:39,0.1414951496928107,0.10147911144213478,0.10497177240387899,0.06235100860324115
2004-02-18 04:42:39,0.14546421949160587,0.09948789672029534,0.10487010304478124,0.06316917944457343
2004-02-18 04:52:39,0.1422525412341458,0.10113090663284416,0.10527888758948369,0.06178680133159457
2004-02-18 05:02:39,0.14847733339192815,0.10026173764671906,0.10264682804253178,0.06270157746650334
2004-02-18 05:12:39,0.14734479561015326,0.10118586403747369,0.10397962816998982,0.06268758129233881
2004-02-18 05:22:39,0.15021073840093246,0.10007956622683545,0.10309658602543781,0.0628599313186004
2004-02-18 05:32:39,0.15235198361194194,0.0997238890417338,0.10585519210409866,0.061306983038203054
2004-02-18 05:42:39,0.15797443129634947,0.09972157391613998,0.1055761601964973,0.06286566433695677
2004-02-18 05:52:39,0.1564299002339109,0.10072489327955847,0.1044259453648166,0.06299973220671658
2004-02-18 06:02:39,0.15855108084331548,0.10231719713008378,0.1042711200565897,0.06360784700871415
2004-02-18 06:12:39,0.16185539685378922,0.10100683942402404,0.10456890475935418,0.06355979124292988
2004-02-18 06:22:39,0.16325232927532438,0.10213572864465727,0.10459558260362084,0.06308569235810703
2004-02-18 06:32:39,0.16118176026396044,0.1011667056358745,0.10767866686406552,0.06486902707280817
2004-02-18 06:42:39,0.1638639044112664,0.10219234680682508,0.10488077982853039,0.06330538952095234
2004-02-18 06:52:39,0.16412610231110944,0.10162595033231768,0.10564725087877817,0.06390250926196156
2004-02-18 07:02:39,0.16523197096422343,0.10339065962399882,0.1042949415632694,0.06424774124048714
2004-02-18 07:12:39,0.1666607182557479,0.1020879957914329,0.10538249168708189,0.0637687933615451
2004-02-18 07:22:39,0.16766270210989961,0.10279203068498446,0.10575554923111073,0.06528394860160358
2004-02-18 07:32:39,0.1664957165340913,0.10103203861064029,0.10489336838610788,0.06481524637690232
2004-02-18 07:42:39,0.16422124070659533,0.10003589008766069,0.10635392508380623,0.06312710006978636
2004-02-18 07:52:39,0.1702858113058934,0.10184727284367054,0.1062745408878363,0.06451978515085051
2004-02-18 08:02:39,0.1736292933250662,0.1035394098640245,0.10475676509419371,0.0651374226709835
2004-02-18 08:12:39,0.17299024717158354,0.10164240682980676,0.1058546027976319,0.06488730516217715
2004-02-18 08:22:39,0.1732699620815852,0.10286943240367027,0.10626843612581854,0.06573567088484712
2004-02-18 08:32:39,0.16848099563723107,0.1020858698856721,0.1081260134153163,0.06469707647701754
2004-02-18 08:42:39,0.1629278796567117,0.10207858254073911,0.10459204124852994,0.06374216866116321
2004-02-18 08:52:39,0.1610597777666976,0.10135695432022447,0.10561286151510356,0.06451445646915438
2004-02-18 09:02:39,0.1632517920717241,0.10211022606241392,0.10521345905541267,0.06473649820551056
2004-02-18 09:12:39,0.16557586024648113,0.10367602165724514,0.10678046739091344,0.0659579165099201
2004-02-18 09:22:39,0.1713806539013866,0.10304869976457966,0.10662128031901746,0.06487376474218035
2004-02-18 09:32:39,0.16159027526859318,0.10166722562770482,0.10508058801248711,0.065278725310195
2004-02-18 09:42:39,0.16048985635811117,0.10086029429261803,0.10606121417098613,0.0647013825943056
2004-02-18 09:52:39,0.1626452275429021,0.10152888677296817,0.10557242486298278,0.06482473262016082
2004-02-18 10:02:39,0.15967486741607104,0.10162484327151411,0.10633886815558004,0.06479818647883458
2004-02-18 10:12:39,0.165236824185168,0.10420760627856897,0.10811425382199476,0.06531048272122124
2004-02-18 10:22:39,0.16352623022046195,0.10167530078819992,0.10451609092559239,0.06421810445422912
2004-02-18 10:32:39,0.16181633356037944,0.10227438681196759,0.10593715400953073,0.06485906923668514
2004-02-18 10:42:39,0.1601452576263547,0.10125635393093901,0.10438238154137532,0.063630341062466
2004-02-18 10:52:39,0.1536252974550889,0.10282664020304476,0.10591802863756788,0.06507963246999642
2004-02-18 11:02:39,0.15118279809348895,0.10032751289766458,0.1077555468359755,0.06368786039503367
2004-02-18 11:12:39,0.1498197360765018,0.10109987548695627,0.10579719023303322,0.06368387104610941
2004-02-18 11:22:39,0.14933836435332848,0.10156596379790674,0.10556142067923119,0.06542802500740741
2004-02-18 11:32:39,0.14980757226014804,0.10211669632792422,0.10703551145729986,0.06412962093802153
2004-02-18 11:42:39,0.149866636190314,0.10122904497649504,0.10635762149273864,0.06471674507136058
2004-02-18 11:52:39,0.1671795542801367,0.10372616469364505,0.10760455755987762,0.06747029339093114
2004-02-18 12:02:39,0.16999936333513857,0.10335207496221098,0.10739975288278644,0.06627618090151495
2004-02-18 12:12:39,0.1603702172243537,0.104872699124378,0.1090463327698895,0.06704976604373662
2004-02-18 12:22:39,0.15943175268388407,0.10464473905638405,0.10786784753965774,0.06839198381655416
2004-02-18 12:32:39,0.15940233713235108,0.10395463712793089,0.10823778448009762,0.06743272659362337
2004-02-18 12:42:39,0.1543748027231321,0.1049599890283961,0.11001697439492139,0.06729477032134923
2004-02-18 12:52:39,0.15022219524665295,0.10534883608524262,0.1083592246577851,0.06703447421613928
2004-02-18 13:02:39,0.15379131316901484,0.10551998303482293,0.10952362366998389,0.06700335027222519
2004-02-18 13:12:39,0.15559833761354488,0.10551494391240351,0.11024505617379235,0.06828086608754824
2004-02-18 13:22:39,0.15190124998035004,0.10556895582419348,0.10917632725608181,0.0677738838419491
2004-02-18 13:32:39,0.15023852675862898,0.10690493017128291,0.1090313155694,0.06812274677632278
2004-02-18 13:42:39,0.15198138560169935,0.10715466382109862,0.1084464537534816,0.06839011352034388
2004-02-18 13:52:39,0.1554666694090191,0.10667841461483187,0.10912264274533029,0.06826932450946023
2004-02-18 14:02:39,0.15592118862226342,0.10808934683747234,0.1113115955429175,0.06809061823493583
2004-02-18 14:12:39,0.15534647272536337,0.10701431550879045,0.10826119616938301,0.06960098304381954
2004-02-18 14:22:39,0.15444186230573037,0.1089698338024784,0.11310258436295774,0.06961190820929473
2004-02-18 14:32:39,0.1553560424533078,0.10708747444937182,0.11067205970812775,0.0684157345214812
2004-02-18 14:42:39,0.16366883864855736,0.10867249094682907,0.11222452673806414,0.07143764638590967
2004-02-18 14:52:39,0.15625014564180792,0.10909729974460135,0.10975522842449195,0.06940136940786742
2004-02-18 15:02:39,0.14539075404201657,0.1076379821527445,0.11142565370036771,0.06764157836845607
2004-02-18 15:12:39,0.13575204548158448,0.11024085293813084,0.11368112191716788,0.06977602340390715
2004-02-18 15:22:39,0.1319658645399616,0.11089831117583294,0.11415793632292678,0.06861266741492776
2004-02-18 15:32:39,0.12558158895766225,0.10832882863771592,0.11266681573446059,0.06915661949108375
2004-02-18 15:42:39,0.12250684370367276,0.11182525340541347,0.11493207092366935,0.068467170278375
2004-02-18 15:52:39,0.12193470754445013,0.11054327927380919,0.11516057996421557,0.06870751269616433
2004-02-18 16:02:39,0.1188826019669916,0.1113500890268428,0.1131613817313476,0.06782992176059992
2004-02-18 16:12:39,0.12123415463479116,0.11299427588222301,0.11598605236821531,0.06794526913359444
2004-02-18 16:22:39,0.12020080107767989,0.11094781453316423,0.11511867842607001,0.06776963857289184
2004-02-18 16:32:39,0.12070030691776876,0.11053854910582203,0.11622646804667006,0.06756871630002097
2004-02-18 16:42:39,0.12602123831897036,0.11520991336218053,0.11712019215790417,0.06909944526976121
2004-02-18 16:52:39,0.12889903236622258,0.11301271466287677,0.1167349618617557,0.06892504231466948
2004-02-18 17:02:39,0.1438699524261203,0.11603790796025905,0.11935547180108677,0.06956804915024878
2004-02-18 17:12:39,0.15305597601382429,0.11488047191870081,0.11891173381746137,0.06838093301212954
2004-02-18 17:22:39,0.16624457980771906,0.11759079055413231,0.11913708614525007,0.07001521881537556
2004-02-18 17:32:39,0.17545704925037198,0.11906591298660568,0.12167135287830097,0.0718237625296071
2004-02-18 17:42:39,0.18285590754463368,0.11795013454826288,0.12282489519885453,0.06992269698663273
2004-02-18 17:52:39,0.1830501281920479,0.11937541649347885,0.12434241702537627,0.0717090152648699
2004-02-18 18:02:39,0.18434344241381503,0.11644826217493702,0.12050525114084175,0.0714152141982734
2004-02-18 18:12:39,0.17369524359729277,0.11746325173674523,0.12244306140526491,0.0708614502676861
2004-02-18 18:22:39,0.16510555999039875,0.11688848098993554,0.12248884824837018,0.06975690000911572
2004-02-18 18:32:39,0.1731792927429075,0.1206110273683462,0.12704773361815916,0.0712679312407832
2004-02-18 18:42:39,0.1776960484618254,0.11872041809536456,0.12438045636153414,0.07010191600010726
2004-02-18 18:52:39,0.17654299939748894,0.11935610122795232,0.12393504451347752,0.0721264210691276
2004-02-18 19:02:39,0.19304238452919825,0.12199518089390314,0.12648425344851597,0.07341726020760687
2004-02-18 19:12:39,0.17692195771038355,0.12301788853041468,0.1294205420062746,0.0736395759616387
2004-02-18 19:22:39,0.17101707640436348,0.1208272079070524,0.12784502477180862,0.07574862630715683
2004-02-18 19:32:39,0.1751597213259923,0.1211241399481853,0.1268434827058014,0.07550028271518423
2004-02-18 19:42:39,0.16994237238583487,0.12342032645110804,0.129410864060562,0.07696502084907511
2004-02-18 19:52:39,0.1755234885811694,0.12582168102046368,0.12942868692553278,0.07766151054560808
2004-02-18 20:02:39,0.16958573380278633,0.12587048937969758,0.13308118604889166,0.07952454851242031
2004-02-18 20:12:39,0.18460171228174774,0.12801695241059818,0.13433518522470186,0.08291827809257779
2004-02-18 20:22:39,0.1796525240456342,0.1276182098706929,0.13490581233609114,0.08420903531679909
2004-02-18 20:32:39,0.1715728069575988,0.1296308023926092,0.13371434898823636,0.08215718779285654
2004-02-18 20:42:39,0.1692413674636329,0.1304148155781069,0.13780364162354056,0.08236958167759242
2004-02-18 20:52:39,0.1579727758818596,0.13071496741081437,0.13785390440575138,0.08104940171184266
2004-02-18 21:02:39,0.15093158168753343,0.12865840586482422,0.13801466394283904,0.0789989068689474
2004-02-18 21:12:39,0.15833657388123681,0.12905598244110247,0.138565325148334,0.08090564066576413
2004-02-18 21:22:39,0.17050958400686905,0.13072206887134377,0.13959024988578878,0.082429081602448
2004-02-18 21:32:39,0.16767578028244,0.12647699222384468,0.13784553023076185,0.0770744340377875
2004-02-18 21:42:39,0.179624785939511,0.12685982406446977,0.13700201308533022,0.0800473146742108
2004-02-18 21:52:39,0.1920491491195013,0.13022297397287255,0.14157654661246125,0.08059175944847327
2004-02-18 22:02:39,0.20000106047377705,0.1299640399955972,0.1428243315650252,0.08097878971080429
2004-02-18 22:12:39,0.2244593960162616,0.13018388621743973,0.1434232366656979,0.08241626415754082
2004-02-18 22:22:39,0.2659356459952817,0.1336580198960516,0.1418539178537194,0.0891911932237675
2004-02-18 22:32:39,0.2011629967156509,0.1330269520774003,0.1437283677411654,0.08456356966402336
2004-02-18 22:42:39,0.1969140977003404,0.13088293768150788,0.146542989580882,0.08849233914088593
2004-02-18 22:52:39,0.1956017453284282,0.13405303182899717,0.14881380008932668,0.08980416866931343
2004-02-18 23:02:39,0.16647573023789508,0.1304146970726819,0.14504349152684726,0.08470375758576505
2004-02-18 23:12:39,0.16240427576440838,0.13219523942719436,0.14661584104040917,0.08533324317487251
2004-02-18 23:22:39,0.1700619777412223,0.13303537979045277,0.1463703585077928,0.08844977619160689
2004-02-18 23:32:39,0.16308564149321472,0.1339292105886499,0.14813081240863718,0.08715214210690511
2004-02-18 23:42:39,0.1979824118504473,0.1352973971049056,0.1503560175980031,0.08862322593764409
2004-02-18 23:52:39,0.18848023818309687,0.13393779116056742,0.15039114358613018,0.08666249903900035
2004-02-19 00:02:39,0.21544188467915573,0.13569638863351594,0.15055972331497494,0.0896852644121028
2004-02-19 00:12:39,0.18384955910691952,0.1389283088634651,0.15649058623213194,0.08900377523155552
2004-02-19 00:22:39,0.1638784782173463,0.13633150412699938,0.15566050912570717,0.08695709715117247
2004-02-19 00:32:39,0.15830748074517978,0.12886172570919463,0.15023881570103353,0.08497419260492005
2004-02-19 00:42:39,0.1612064310254858,0.12696572231627376,0.1482518089514122,0.08395342603523712
2004-02-19 00:52:39,0.1829390681921974,0.13576648879405706,0.1513069031613702,0.0924284496864532
2004-02-19 01:02:39,0.2144299260212913,0.14294484247305964,0.15408706713737222,0.09952116571324639
2004-02-19 01:12:39,0.23729328957764234,0.14393621967300807,0.15240090434860165,0.10137948264776814
2004-02-19 01:22:39,0.1987587469871031,0.13207845101499585,0.14433974541866373,0.09233455344163342
2004-02-19 01:32:39,0.23614869988514614,0.13643308691958317,0.14443546684326022,0.0954379088876872
2004-02-19 01:42:39,0.20299332322009656,0.12184967892896036,0.13519263799351228,0.08992159043515788
2004-02-19 01:52:39,0.22104688789216345,0.12188886597717517,0.12663085082816167,0.09400491954508022
2004-02-19 02:02:39,0.2072238495314688,0.12071243117260831,0.12165685653400571,0.08916978386214382
2004-02-19 02:12:39,0.2615342923845189,0.13503681897045708,0.12738243110448827,0.09953571108472577
2004-02-19 02:22:39,0.20162752435389414,0.12769508360418041,0.12214289724750796,0.0910850289249703
2004-02-19 02:32:39,0.22290393111817533,0.158550208488505,0.14862804764809048,0.10179031187294482
2004-02-19 02:42:39,0.25923255760382785,0.17232648052301275,0.16392487491962066,0.11069369227930573
2004-02-19 02:52:39,0.23165897417631534,0.17788175824958977,0.1833630629173304,0.10630452659978606
2004-02-19 03:02:39,0.2345765453382637,0.1394239029300138,0.16490325541560077,0.0958419436265433
2004-02-19 03:12:39,0.2475030206911273,0.14020986098501576,0.15023924602592234,0.09154526169185222
2004-02-19 03:22:39,0.2971943623919355,0.17050437854404482,0.16443601710356862,0.10865676752760368
2004-02-19 03:32:39,0.2916559814812048,0.17679265829097054,0.16391538660991836,0.11001614284774071
2004-02-19 03:42:39,0.34374362655176627,0.17537566885358363,0.16106295357228603,0.11697580344135998
2004-02-19 03:52:39,0.31481831516147546,0.14647515003778788,0.1500230512750053,0.10939368768452956
2004-02-19 04:02:39,0.3257068915423836,0.14834433376250397,0.15610570008523464,0.1187937631033451
2004-02-19 04:12:39,0.35309793626604713,0.18422243885553338,0.18384947185718045,0.13417171906837713
2004-02-19 04:22:39,0.42968759093327813,0.1909566500782137,0.1873854030385987,0.1424456039527133
2004-02-19 04:32:39,0.4155673279538491,0.16281613481033724,0.15540297919182985,0.12782141956103668
2004-02-19 04:42:39,0.3716850845674954,0.1366019814032973,0.12074615487737853,0.11739241666814043
2004-02-19 04:52:39,0.44768189363058414,0.1908553532330411,0.1652158946952571,0.12991112946046332
2004-02-19 05:02:39,0.6721468017564921,0.19106796521759054,0.17617783299637754,0.12464093612122702
2004-02-19 05:12:39,0.5309690451528217,0.17107768226113113,0.16043017714980987,0.14689574443925124
2004-02-19 05:22:39,0.445929018604179,0.173200128848218,0.1494812009092274,0.14642163978221684
2004-02-19 05:32:39,0.38694430220944703,0.17670613765491233,0.13940969457870012,0.1434019533364655
2004-02-19 05:42:39,0.7250189098227463,0.2182994792252447,0.170573889788366,0.14835469863558778
2004-02-19 05:52:39,0.462021364069336,0.17082007113902292,0.17787463372147697,0.1166321022186143
2004-02-19 06:02:39,0.4838472069101471,0.19364580271472404,0.18740936693240684,0.13058547259408212
2004-02-19 06:12:39,0.0021030161408130787,0.004017899061305419,0.003950243542383521,0.0021536741669991167
2004-02-19 06:22:39,0.0015327057682476626,0.0012386503147683106,0.0011970510830676938,0.002124109554261652
